as_of,symbol,value_score,quality_score,universe_size
2021-02-01 00:00:00+00:00,AAPL.US,0.5454545454545454,0.8645833333333334,24
2021-03-01 00:00:00+00:00,AAPL.US,0.75,0.8333333333333334,24
2021-04-01 00:00:00+00:00,AAPL.US,0.8421052631578947,0.8229166666666666,24
2021-05-03 00:00:00+00:00,AAPL.US,0.631578947368421,0.8229166666666666,24
2021-06-01 00:00:00+00:00,AAPL.US,0.5652173913043478,0.7916666666666666,24
2021-07-01 00:00:00+00:00,AAPL.US,0.4583333333333333,0.7916666666666666,24
2021-08-02 00:00:00+00:00,AAPL.US,0.4166666666666667,0.7604166666666666,24
2021-09-01 00:00:00+00:00,AAPL.US,0.4166666666666667,0.75,24
2021-10-01 00:00:00+00:00,AAPL.US,0.391304347826087,0.7608695652173914,23
2021-11-01 00:00:00+00:00,AAPL.US,0.30434782608695654,0.7391304347826088,23
2021-12-01 00:00:00+00:00,AAPL.US,0.2608695652173913,0.7282608695652174,23
2022-01-03 00:00:00+00:00,AAPL.US,0.2608695652173913,0.7282608695652174,23
2022-02-01 00:00:00+00:00,AAPL.US,0.6956521739130435,0.8043478260869565,23
2022-03-01 00:00:00+00:00,AAPL.US,0.6086956521739131,0.8369565217391305,23
2022-04-01 00:00:00+00:00,AAPL.US,0.5714285714285714,0.8295454545454545,22
2022-05-02 00:00:00+00:00,AAPL.US,0.35,0.8181818181818181,22
2022-06-01 00:00:00+00:00,AAPL.US,0.3,0.8181818181818181,22
2022-07-01 00:00:00+00:00,AAPL.US,0.42857142857142855,0.8181818181818181,22
2022-08-01 00:00:00+00:00,AAPL.US,0.2857142857142857,0.7954545454545454,22
2022-09-01 00:00:00+00:00,AAPL.US,0.2727272727272727,0.7826086956521738,23
2022-10-03 00:00:00+00:00,AAPL.US,0.2727272727272727,0.8043478260869565,23
2022-11-01 00:00:00+00:00,AAPL.US,0.21739130434782608,0.8043478260869565,23
2022-12-01 00:00:00+00:00,AAPL.US,0.2608695652173913,0.8369565217391305,23
2023-01-03 00:00:00+00:00,AAPL.US,0.2727272727272727,0.8369565217391305,23
2023-02-01 00:00:00+00:00,AAPL.US,0.2727272727272727,0.8369565217391305,23
2023-03-01 00:00:00+00:00,AAPL.US,0.6086956521739131,0.8804347826086957,23
2023-04-03 00:00:00+00:00,AAPL.US,0.5,0.8804347826086957,23
2023-05-01 00:00:00+00:00,AAPL.US,0.47619047619047616,0.8695652173913043,23
2023-06-01 00:00:00+00:00,AAPL.US,0.35,0.8369565217391305,23
2023-07-03 00:00:00+00:00,AAPL.US,0.4090909090909091,0.8229166666666666,24
2023-08-01 00:00:00+00:00,AAPL.US,0.30434782608695654,0.8541666666666666,24
2023-09-01 00:00:00+00:00,AAPL.US,0.30434782608695654,0.7708333333333334,24
2023-10-02 00:00:00+00:00,AAPL.US,0.2608695652173913,0.7708333333333333,24
2023-11-01 00:00:00+00:00,AAPL.US,0.21739130434782608,0.7395833333333333,24
2023-12-01 00:00:00+00:00,AAPL.US,0.2608695652173913,0.78125,24
2024-01-02 00:00:00+00:00,AAPL.US,0.34782608695652173,0.78125,24
2024-02-01 00:00:00+00:00,AAPL.US,0.391304347826087,0.7916666666666666,24
2024-03-01 00:00:00+00:00,AAPL.US,0.8181818181818182,0.8541666666666666,24
2024-04-01 00:00:00+00:00,AAPL.US,0.8636363636363636,0.90625,24
2024-05-01 00:00:00+00:00,AAPL.US,0.8181818181818182,0.90625,24
2024-06-03 00:00:00+00:00,AAPL.US,0.391304347826087,0.8541666666666666,24
2024-07-01 00:00:00+00:00,AAPL.US,0.34782608695652173,0.8229166666666667,24
2024-08-01 00:00:00+00:00,AAPL.US,0.30434782608695654,0.8125,24
2024-09-03 00:00:00+00:00,AAPL.US,0.2916666666666667,0.78125,24
2024-10-01 00:00:00+00:00,AAPL.US,0.21739130434782608,0.7916666666666667,24
2024-11-01 00:00:00+00:00,AAPL.US,0.21739130434782608,0.8229166666666666,24
2024-12-02 00:00:00+00:00,AAPL.US,0.043478260869565216,0.7083333333333334,24
2021-02-01 00:00:00+00:00,MSFT.US,0.3181818181818182,0.8854166666666667,24
2021-03-01 00:00:00+00:00,MSFT.US,0.4,0.8645833333333334,24
2021-04-01 00:00:00+00:00,MSFT.US,0.5263157894736842,0.8958333333333333,24
2021-05-03 00:00:00+00:00,MSFT.US,0.42105263157894735,0.8749999999999999,24
2021-06-01 00:00:00+00:00,MSFT.US,0.30434782608695654,0.8645833333333333,24
2021-07-01 00:00:00+00:00,MSFT.US,0.2916666666666667,0.8854166666666666,24
2021-08-02 00:00:00+00:00,MSFT.US,0.3333333333333333,0.84375,24
2021-09-01 00:00:00+00:00,MSFT.US,0.3333333333333333,0.8333333333333333,24
2021-10-01 00:00:00+00:00,MSFT.US,0.30434782608695654,0.8478260869565217,23
2021-11-01 00:00:00+00:00,MSFT.US,0.34782608695652173,0.9456521739130435,23
2021-12-01 00:00:00+00:00,MSFT.US,0.30434782608695654,0.9673913043478262,23
2022-01-03 00:00:00+00:00,MSFT.US,0.391304347826087,0.9673913043478262,23
2022-02-01 00:00:00+00:00,MSFT.US,0.2608695652173913,0.9130434782608696,23
2022-03-01 00:00:00+00:00,MSFT.US,0.2608695652173913,0.9239130434782609,23
2022-04-01 00:00:00+00:00,MSFT.US,0.19047619047619047,0.9090909090909092,22
2022-05-02 00:00:00+00:00,MSFT.US,0.2,0.8863636363636364,22
2022-06-01 00:00:00+00:00,MSFT.US,0.2,0.9090909090909091,22
2022-07-01 00:00:00+00:00,MSFT.US,0.2857142857142857,0.9318181818181819,22
2022-08-01 00:00:00+00:00,MSFT.US,0.38095238095238093,0.9318181818181819,22
2022-09-01 00:00:00+00:00,MSFT.US,0.36363636363636365,0.8586956521739131,23
2022-10-03 00:00:00+00:00,MSFT.US,0.3181818181818182,0.8586956521739131,23
2022-11-01 00:00:00+00:00,MSFT.US,0.30434782608695654,0.8478260869565217,23
2022-12-01 00:00:00+00:00,MSFT.US,0.30434782608695654,0.8804347826086956,23
2023-01-03 00:00:00+00:00,MSFT.US,0.3181818181818182,0.8804347826086956,23
2023-02-01 00:00:00+00:00,MSFT.US,0.3181818181818182,0.8478260869565217,23
2023-03-01 00:00:00+00:00,MSFT.US,0.30434782608695654,0.9021739130434783,23
2023-04-03 00:00:00+00:00,MSFT.US,0.22727272727272727,0.9021739130434783,23
2023-05-01 00:00:00+00:00,MSFT.US,0.23809523809523808,0.9130434782608696,23
2023-06-01 00:00:00+00:00,MSFT.US,0.25,0.9021739130434783,23
2023-07-03 00:00:00+00:00,MSFT.US,0.3181818181818182,0.8958333333333334,24
2023-08-01 00:00:00+00:00,MSFT.US,0.34782608695652173,0.90625,24
2023-09-01 00:00:00+00:00,MSFT.US,0.34782608695652173,0.8645833333333333,24
2023-10-02 00:00:00+00:00,MSFT.US,0.34782608695652173,0.8541666666666666,24
2023-11-01 00:00:00+00:00,MSFT.US,0.30434782608695654,0.8333333333333334,24
2023-12-01 00:00:00+00:00,MSFT.US,0.34782608695652173,0.8333333333333334,24
2024-01-02 00:00:00+00:00,MSFT.US,0.391304347826087,0.8333333333333334,24
2024-02-01 00:00:00+00:00,MSFT.US,0.34782608695652173,0.7812499999999999,24
2024-03-01 00:00:00+00:00,MSFT.US,0.36363636363636365,0.8020833333333333,24
2024-04-01 00:00:00+00:00,MSFT.US,0.36363636363636365,0.8645833333333334,24
2024-05-01 00:00:00+00:00,MSFT.US,0.36363636363636365,0.8958333333333334,24
2024-06-03 00:00:00+00:00,MSFT.US,0.30434782608695654,0.8645833333333334,24
2024-07-01 00:00:00+00:00,MSFT.US,0.30434782608695654,0.8437500000000001,24
2024-08-01 00:00:00+00:00,MSFT.US,0.34782608695652173,0.8125,24
2024-09-03 00:00:00+00:00,MSFT.US,0.375,0.8020833333333333,24
2024-10-01 00:00:00+00:00,MSFT.US,0.34782608695652173,0.8020833333333333,24
2024-11-01 00:00:00+00:00,MSFT.US,0.4782608695652174,0.8125,24
2024-12-02 00:00:00+00:00,MSFT.US,0.43478260869565216,0.84375,24
2021-02-01 00:00:00+00:00,GOOGL.US,0.2727272727272727,0.5625,24
2021-03-01 00:00:00+00:00,GOOGL.US,0.55,0.6770833333333333,24
2021-04-01 00:00:00+00:00,GOOGL.US,0.631578947368421,0.6770833333333334,24
2021-05-03 00:00:00+00:00,GOOGL.US,0.6842105263157895,0.7291666666666666,24
2021-06-01 00:00:00+00:00,GOOGL.US,0.5217391304347826,0.6666666666666666,24
2021-07-01 00:00:00+00:00,GOOGL.US,0.5416666666666666,0.65625,24
2021-08-02 00:00:00+00:00,GOOGL.US,0.5,0.7083333333333334,24
2021-09-01 00:00:00+00:00,GOOGL.US,0.5,0.71875,24
2021-10-01 00:00:00+00:00,GOOGL.US,0.4782608695652174,0.7173913043478262,23
2021-11-01 00:00:00+00:00,GOOGL.US,0.43478260869565216,0.7173913043478262,23
2021-12-01 00:00:00+00:00,GOOGL.US,0.391304347826087,0.6847826086956522,23
2022-01-03 00:00:00+00:00,GOOGL.US,0.5652173913043478,0.673913043478261,23
2022-02-01 00:00:00+00:00,GOOGL.US,0.5217391304347826,0.6630434782608696,23
2022-03-01 00:00:00+00:00,GOOGL.US,0.4782608695652174,0.6847826086956521,23
2022-04-01 00:00:00+00:00,GOOGL.US,0.42857142857142855,0.6477272727272727,22
2022-05-02 00:00:00+00:00,GOOGL.US,0.4,0.5909090909090909,22
2022-06-01 00:00:00+00:00,GOOGL.US,0.4,0.5795454545454546,22
2022-07-01 00:00:00+00:00,GOOGL.US,0.47619047619047616,0.6136363636363636,22
2022-08-01 00:00:00+00:00,GOOGL.US,0.42857142857142855,0.625,22
2022-09-01 00:00:00+00:00,GOOGL.US,0.45454545454545453,0.5652173913043478,23
2022-10-03 00:00:00+00:00,GOOGL.US,0.5,0.5760869565217391,23
2022-11-01 00:00:00+00:00,GOOGL.US,0.43478260869565216,0.5217391304347826,23
2022-12-01 00:00:00+00:00,GOOGL.US,0.391304347826087,0.532608695652174,23
2023-01-03 00:00:00+00:00,GOOGL.US,0.5454545454545454,0.5434782608695652,23
2023-02-01 00:00:00+00:00,GOOGL.US,0.36363636363636365,0.5434782608695652,23
2023-03-01 00:00:00+00:00,GOOGL.US,0.4782608695652174,0.5760869565217392,23
2023-04-03 00:00:00+00:00,GOOGL.US,0.4090909090909091,0.5760869565217392,23
2023-05-01 00:00:00+00:00,GOOGL.US,0.42857142857142855,0.5869565217391304,23
2023-06-01 00:00:00+00:00,GOOGL.US,0.4,0.532608695652174,23
2023-07-03 00:00:00+00:00,GOOGL.US,0.5,0.5416666666666666,24
2023-08-01 00:00:00+00:00,GOOGL.US,0.6086956521739131,0.6666666666666667,24
2023-09-01 00:00:00+00:00,GOOGL.US,0.6086956521739131,0.6875,24
2023-10-02 00:00:00+00:00,GOOGL.US,0.5217391304347826,0.6770833333333333,24
2023-11-01 00:00:00+00:00,GOOGL.US,0.4782608695652174,0.59375,24
2023-12-01 00:00:00+00:00,GOOGL.US,0.4782608695652174,0.59375,24
2024-01-02 00:00:00+00:00,GOOGL.US,0.4782608695652174,0.59375,24
2024-02-01 00:00:00+00:00,GOOGL.US,0.6086956521739131,0.6041666666666666,24
2024-03-01 00:00:00+00:00,GOOGL.US,0.7727272727272727,0.7083333333333334,24
2024-04-01 00:00:00+00:00,GOOGL.US,0.6363636363636364,0.7604166666666666,24
2024-05-01 00:00:00+00:00,GOOGL.US,0.6363636363636364,0.8333333333333334,24
2024-06-03 00:00:00+00:00,GOOGL.US,0.6521739130434783,0.8020833333333334,24
2024-07-01 00:00:00+00:00,GOOGL.US,0.6521739130434783,0.7708333333333333,24
2024-08-01 00:00:00+00:00,GOOGL.US,0.6956521739130435,0.7604166666666666,24
2024-09-03 00:00:00+00:00,GOOGL.US,0.7083333333333334,0.7395833333333333,24
2024-10-01 00:00:00+00:00,GOOGL.US,0.6956521739130435,0.75,24
2024-11-01 00:00:00+00:00,GOOGL.US,0.782608695652174,0.75,24
2024-12-02 00:00:00+00:00,GOOGL.US,0.7391304347826086,0.7916666666666666,24
2021-02-01 00:00:00+00:00,AMZN.US,0.045454545454545456,0.40625,24
2021-03-01 00:00:00+00:00,AMZN.US,0.1,0.46875,24
2021-04-01 00:00:00+00:00,AMZN.US,0.15789473684210525,0.4895833333333333,24
2021-05-03 00:00:00+00:00,AMZN.US,0.15789473684210525,0.48958333333333326,24
2021-06-01 00:00:00+00:00,AMZN.US,0.13043478260869565,0.40625,24
2021-07-01 00:00:00+00:00,AMZN.US,0.16666666666666666,0.3958333333333333,24
2021-08-02 00:00:00+00:00,AMZN.US,0.16666666666666666,0.29166666666666663,24
2021-09-01 00:00:00+00:00,AMZN.US,0.16666666666666666,0.3229166666666667,24
2021-10-01 00:00:00+00:00,AMZN.US,0.17391304347826086,0.3152173913043478,23
2021-11-01 00:00:00+00:00,AMZN.US,0.043478260869565216,0.13043478260869565,23
2021-12-01 00:00:00+00:00,AMZN.US,0.043478260869565216,0.10869565217391304,23
2022-01-03 00:00:00+00:00,AMZN.US,0.043478260869565216,0.14130434782608695,23
2022-02-01 00:00:00+00:00,AMZN.US,0.08695652173913043,0.14130434782608695,23
2022-03-01 00:00:00+00:00,AMZN.US,0.30434782608695654,0.43478260869565216,23
2022-04-01 00:00:00+00:00,AMZN.US,0.23809523809523808,0.40909090909090906,22
2022-05-02 00:00:00+00:00,AMZN.US,,0.056818181818181816,22
2022-06-01 00:00:00+00:00,AMZN.US,,0.056818181818181816,22
2022-07-01 00:00:00+00:00,AMZN.US,,0.056818181818181816,22
2022-08-01 00:00:00+00:00,AMZN.US,,0.056818181818181816,22
2022-09-01 00:00:00+00:00,AMZN.US,,0.05434782608695652,23
2022-10-03 00:00:00+00:00,AMZN.US,,0.05434782608695652,23
2022-11-01 00:00:00+00:00,AMZN.US,0.13043478260869565,0.10869565217391304,23
2022-12-01 00:00:00+00:00,AMZN.US,0.13043478260869565,0.10869565217391304,23
2023-01-03 00:00:00+00:00,AMZN.US,0.13636363636363635,0.13043478260869565,23
2023-02-01 00:00:00+00:00,AMZN.US,0.13636363636363635,0.13043478260869565,23
2023-03-01 00:00:00+00:00,AMZN.US,0.043478260869565216,0.043478260869565216,23
2023-04-03 00:00:00+00:00,AMZN.US,0.045454545454545456,0.07608695652173914,23
2023-05-01 00:00:00+00:00,AMZN.US,0.09523809523809523,0.15217391304347827,23
2023-06-01 00:00:00+00:00,AMZN.US,0.1,0.1847826086956522,23
2023-07-03 00:00:00+00:00,AMZN.US,0.13636363636363635,0.1875,24
2023-08-01 00:00:00+00:00,AMZN.US,0.13043478260869565,0.15625000000000003,24
2023-09-01 00:00:00+00:00,AMZN.US,0.08695652173913043,0.22916666666666666,24
2023-10-02 00:00:00+00:00,AMZN.US,0.043478260869565216,0.20833333333333331,24
2023-11-01 00:00:00+00:00,AMZN.US,0.17391304347826086,0.2604166666666667,24
2023-12-01 00:00:00+00:00,AMZN.US,0.17391304347826086,0.24999999999999997,24
2024-01-02 00:00:00+00:00,AMZN.US,0.21739130434782608,0.2604166666666667,24
2024-02-01 00:00:00+00:00,AMZN.US,0.21739130434782608,0.2604166666666667,24
2024-03-01 00:00:00+00:00,AMZN.US,0.18181818181818182,0.3125,24
2024-04-01 00:00:00+00:00,AMZN.US,0.2727272727272727,0.3229166666666667,24
2024-05-01 00:00:00+00:00,AMZN.US,0.22727272727272727,0.3333333333333333,24
2024-06-03 00:00:00+00:00,AMZN.US,0.21739130434782608,0.3125,24
2024-07-01 00:00:00+00:00,AMZN.US,0.17391304347826086,0.2916666666666667,24
2024-08-01 00:00:00+00:00,AMZN.US,0.17391304347826086,0.27083333333333337,24
2024-09-03 00:00:00+00:00,AMZN.US,0.3333333333333333,0.3541666666666667,24
2024-10-01 00:00:00+00:00,AMZN.US,0.30434782608695654,0.3645833333333333,24
2024-11-01 00:00:00+00:00,AMZN.US,0.30434782608695654,0.37500000000000006,24
2024-12-02 00:00:00+00:00,AMZN.US,0.30434782608695654,0.3645833333333333,24
2021-02-01 00:00:00+00:00,META.US,0.8636363636363636,0.8958333333333334,24
2021-03-01 00:00:00+00:00,META.US,0.85,0.90625,24
2021-04-01 00:00:00+00:00,META.US,0.7368421052631579,0.9166666666666667,24
2021-05-03 00:00:00+00:00,META.US,0.5263157894736842,0.8437500000000001,24
2021-06-01 00:00:00+00:00,META.US,0.391304347826087,0.7916666666666667,24
2021-07-01 00:00:00+00:00,META.US,0.4166666666666667,0.7916666666666666,24
2021-08-02 00:00:00+00:00,META.US,0.5416666666666666,0.8333333333333334,24
2021-09-01 00:00:00+00:00,META.US,0.5416666666666666,0.8125000000000001,24
2021-10-01 00:00:00+00:00,META.US,0.5217391304347826,0.8152173913043479,23
2021-11-01 00:00:00+00:00,META.US,0.5217391304347826,0.717391304347826,23
2021-12-01 00:00:00+00:00,META.US,0.43478260869565216,0.6739130434782608,23
2022-01-03 00:00:00+00:00,META.US,0.5217391304347826,0.6739130434782608,23
2022-02-01 00:00:00+00:00,META.US,0.4782608695652174,0.6739130434782608,23
2022-03-01 00:00:00+00:00,META.US,0.7391304347826086,0.8152173913043478,23
2022-04-01 00:00:00+00:00,META.US,0.7142857142857143,0.7613636363636364,22
2022-05-02 00:00:00+00:00,META.US,0.6,0.6136363636363636,22
2022-06-01 00:00:00+00:00,META.US,0.6,0.6022727272727273,22
2022-07-01 00:00:00+00:00,META.US,0.6666666666666666,0.6363636363636364,22
2022-08-01 00:00:00+00:00,META.US,0.7142857142857143,0.5795454545454545,22
2022-09-01 00:00:00+00:00,META.US,0.5909090909090909,0.5543478260869565,23
2022-10-03 00:00:00+00:00,META.US,0.6363636363636364,0.5543478260869565,23
2022-11-01 00:00:00+00:00,META.US,0.7391304347826086,0.34782608695652173,23
2022-12-01 00:00:00+00:00,META.US,0.6956521739130435,0.34782608695652173,23
2023-01-03 00:00:00+00:00,META.US,0.6363636363636364,0.3695652173913043,23
2023-02-01 00:00:00+00:00,META.US,0.4090909090909091,0.3695652173913043,23
2023-03-01 00:00:00+00:00,META.US,0.391304347826087,0.358695652173913,23
2023-04-03 00:00:00+00:00,META.US,0.2727272727272727,0.3695652173913044,23
2023-05-01 00:00:00+00:00,META.US,0.2857142857142857,0.5108695652173914,23
2023-06-01 00:00:00+00:00,META.US,0.3,0.46739130434782605,23
2023-07-03 00:00:00+00:00,META.US,0.36363636363636365,0.46874999999999994,24
2023-08-01 00:00:00+00:00,META.US,0.43478260869565216,0.59375,24
2023-09-01 00:00:00+00:00,META.US,0.4782608695652174,0.6354166666666666,24
2023-10-02 00:00:00+00:00,META.US,0.43478260869565216,0.6145833333333334,24
2023-11-01 00:00:00+00:00,META.US,0.6086956521739131,0.75,24
2023-12-01 00:00:00+00:00,META.US,0.6956521739130435,0.7708333333333334,24
2024-01-02 00:00:00+00:00,META.US,0.6086956521739131,0.78125,24
2024-02-01 00:00:00+00:00,META.US,0.5217391304347826,0.7916666666666667,24
2024-03-01 00:00:00+00:00,META.US,0.6363636363636364,0.8229166666666667,24
2024-04-01 00:00:00+00:00,META.US,0.6818181818181818,0.8541666666666666,24
2024-05-01 00:00:00+00:00,META.US,0.5909090909090909,0.8645833333333333,24
2024-06-03 00:00:00+00:00,META.US,0.5217391304347826,0.8437499999999999,24
2024-07-01 00:00:00+00:00,META.US,0.43478260869565216,0.8437499999999999,24
2024-08-01 00:00:00+00:00,META.US,0.5652173913043478,0.84375,24
2024-09-03 00:00:00+00:00,META.US,0.6666666666666666,0.8541666666666667,24
2024-10-01 00:00:00+00:00,META.US,0.6086956521739131,0.8541666666666667,24
2024-11-01 00:00:00+00:00,META.US,0.6956521739130435,0.8645833333333333,24
2024-12-02 00:00:00+00:00,META.US,0.5652173913043478,0.8854166666666666,24
2021-02-01 00:00:00+00:00,NVDA.US,0.09090909090909091,0.7604166666666666,24
2021-03-01 00:00:00+00:00,NVDA.US,0.05,0.78125,24
2021-04-01 00:00:00+00:00,NVDA.US,0.10526315789473684,0.7916666666666666,24
2021-05-03 00:00:00+00:00,NVDA.US,0.10526315789473684,0.7291666666666667,24
2021-06-01 00:00:00+00:00,NVDA.US,0.08695652173913043,0.8229166666666667,24
2021-07-01 00:00:00+00:00,NVDA.US,0.08333333333333333,0.8229166666666667,24
2021-08-02 00:00:00+00:00,NVDA.US,0.125,0.8125,24
2021-09-01 00:00:00+00:00,NVDA.US,0.125,0.8645833333333334,24
2021-10-01 00:00:00+00:00,NVDA.US,0.13043478260869565,0.8804347826086956,23
2021-11-01 00:00:00+00:00,NVDA.US,0.13043478260869565,0.9021739130434782,23
2021-12-01 00:00:00+00:00,NVDA.US,0.13043478260869565,0.858695652173913,23
2022-01-03 00:00:00+00:00,NVDA.US,0.13043478260869565,0.858695652173913,23
2022-02-01 00:00:00+00:00,NVDA.US,0.13043478260869565,0.858695652173913,23
2022-03-01 00:00:00+00:00,NVDA.US,0.08695652173913043,0.891304347826087,23
2022-04-01 00:00:00+00:00,NVDA.US,0.047619047619047616,0.9204545454545455,22
2022-05-02 00:00:00+00:00,NVDA.US,0.1,0.9318181818181819,22
2022-06-01 00:00:00+00:00,NVDA.US,0.05,0.4545454545454546,22
2022-07-01 00:00:00+00:00,NVDA.US,0.09523809523809523,0.46590909090909094,22
2022-08-01 00:00:00+00:00,NVDA.US,0.09523809523809523,0.48863636363636365,22
2022-09-01 00:00:00+00:00,NVDA.US,0.09090909090909091,0.23913043478260868,23
2022-10-03 00:00:00+00:00,NVDA.US,0.09090909090909091,0.21739130434782608,23
2022-11-01 00:00:00+00:00,NVDA.US,0.08695652173913043,0.21739130434782608,23
2022-12-01 00:00:00+00:00,NVDA.US,0.08695652173913043,0.2391304347826087,23
2023-01-03 00:00:00+00:00,NVDA.US,0.09090909090909091,0.2608695652173913,23
2023-02-01 00:00:00+00:00,NVDA.US,0.09090909090909091,0.2608695652173913,23
2023-03-01 00:00:00+00:00,NVDA.US,0.13043478260869565,0.6195652173913043,23
2023-04-03 00:00:00+00:00,NVDA.US,0.09090909090909091,0.6086956521739131,23
2023-05-01 00:00:00+00:00,NVDA.US,0.047619047619047616,0.5652173913043478,23
2023-06-01 00:00:00+00:00,NVDA.US,0.05,0.75,23
2023-07-03 00:00:00+00:00,NVDA.US,0.09090909090909091,0.7395833333333334,24
2023-08-01 00:00:00+00:00,NVDA.US,0.08695652173913043,0.7500000000000001,24
2023-09-01 00:00:00+00:00,NVDA.US,0.13043478260869565,0.9583333333333334,24
2023-10-02 00:00:00+00:00,NVDA.US,0.13043478260869565,0.9583333333333334,24
2023-11-01 00:00:00+00:00,NVDA.US,0.08695652173913043,0.9375,24
2023-12-01 00:00:00+00:00,NVDA.US,0.30434782608695654,0.9479166666666667,24
2024-01-02 00:00:00+00:00,NVDA.US,0.2608695652173913,0.9479166666666667,24
2024-02-01 00:00:00+00:00,NVDA.US,0.2608695652173913,0.9479166666666667,24
2024-03-01 00:00:00+00:00,NVDA.US,0.2727272727272727,0.96875,24
2024-04-01 00:00:00+00:00,NVDA.US,0.22727272727272727,0.96875,24
2024-05-01 00:00:00+00:00,NVDA.US,0.2727272727272727,0.96875,24
2024-06-03 00:00:00+00:00,NVDA.US,0.17391304347826086,0.96875,24
2024-07-01 00:00:00+00:00,NVDA.US,0.13043478260869565,0.96875,24
2024-08-01 00:00:00+00:00,NVDA.US,0.13043478260869565,0.9583333333333334,24
2024-09-03 00:00:00+00:00,NVDA.US,0.16666666666666666,0.9583333333333334,24
2024-10-01 00:00:00+00:00,NVDA.US,0.17391304347826086,0.96875,24
2024-11-01 00:00:00+00:00,NVDA.US,0.08695652173913043,0.9791666666666666,24
2024-12-02 00:00:00+00:00,NVDA.US,0.17391304347826086,0.9895833333333334,24
2021-02-01 00:00:00+00:00,JPM.US,1.0,0.5520833333333334,24
2021-03-01 00:00:00+00:00,JPM.US,1.0,0.625,24
2021-04-01 00:00:00+00:00,JPM.US,1.0,0.65625,24
2021-05-03 00:00:00+00:00,JPM.US,1.0,0.65625,24
2021-06-01 00:00:00+00:00,JPM.US,1.0,0.5833333333333334,24
2021-07-01 00:00:00+00:00,JPM.US,1.0,0.5833333333333333,24
2021-08-02 00:00:00+00:00,JPM.US,1.0,0.5833333333333333,24
2021-09-01 00:00:00+00:00,JPM.US,0.9583333333333334,0.5833333333333333,24
2021-10-01 00:00:00+00:00,JPM.US,0.9130434782608695,0.5760869565217391,23
2021-11-01 00:00:00+00:00,JPM.US,0.9565217391304348,0.5869565217391304,23
2021-12-01 00:00:00+00:00,JPM.US,0.8260869565217391,0.5543478260869565,23
2022-01-03 00:00:00+00:00,JPM.US,0.8695652173913043,0.5652173913043479,23
2022-02-01 00:00:00+00:00,JPM.US,0.9565217391304348,0.5760869565217391,23
2022-03-01 00:00:00+00:00,JPM.US,0.9565217391304348,0.5326086956521738,23
2022-04-01 00:00:00+00:00,JPM.US,0.9047619047619048,0.5454545454545454,22
2022-05-02 00:00:00+00:00,JPM.US,0.95,0.5681818181818181,22
2022-06-01 00:00:00+00:00,JPM.US,0.85,0.3977272727272727,22
2022-07-01 00:00:00+00:00,JPM.US,0.9047619047619048,0.40909090909090906,22
2022-08-01 00:00:00+00:00,JPM.US,0.9523809523809523,0.4772727272727273,22
2022-09-01 00:00:00+00:00,JPM.US,0.8636363636363636,0.48913043478260865,23
2022-10-03 00:00:00+00:00,JPM.US,0.8636363636363636,0.4782608695652174,23
2022-11-01 00:00:00+00:00,JPM.US,0.8260869565217391,0.43478260869565216,23
2022-12-01 00:00:00+00:00,JPM.US,0.8695652173913043,0.46739130434782605,23
2023-01-03 00:00:00+00:00,JPM.US,0.8181818181818182,0.48913043478260865,23
2023-02-01 00:00:00+00:00,JPM.US,0.8181818181818182,0.48913043478260865,23
2023-03-01 00:00:00+00:00,JPM.US,0.9565217391304348,0.5434782608695653,23
2023-04-03 00:00:00+00:00,JPM.US,0.9090909090909091,0.5434782608695653,23
2023-05-01 00:00:00+00:00,JPM.US,0.9047619047619048,0.532608695652174,23
2023-06-01 00:00:00+00:00,JPM.US,0.95,0.4347826086956522,23
2023-07-03 00:00:00+00:00,JPM.US,0.9090909090909091,0.42708333333333337,24
2023-08-01 00:00:00+00:00,JPM.US,0.8695652173913043,0.375,24
2023-09-01 00:00:00+00:00,JPM.US,1.0,0.5208333333333333,24
2023-10-02 00:00:00+00:00,JPM.US,1.0,0.5,24
2023-11-01 00:00:00+00:00,JPM.US,0.9130434782608695,0.42708333333333337,24
2023-12-01 00:00:00+00:00,JPM.US,0.9130434782608695,0.35416666666666663,24
2024-01-02 00:00:00+00:00,JPM.US,0.9130434782608695,0.3541666666666667,24
2024-02-01 00:00:00+00:00,JPM.US,0.9130434782608695,0.3541666666666667,24
2024-03-01 00:00:00+00:00,JPM.US,0.9545454545454546,0.34375,24
2024-04-01 00:00:00+00:00,JPM.US,0.9545454545454546,0.375,24
2024-05-01 00:00:00+00:00,JPM.US,0.9090909090909091,0.375,24
2024-06-03 00:00:00+00:00,JPM.US,1.0,0.40625,24
2024-07-01 00:00:00+00:00,JPM.US,1.0,0.375,24
2024-08-01 00:00:00+00:00,JPM.US,0.9565217391304348,0.375,24
2024-09-03 00:00:00+00:00,JPM.US,1.0,0.48958333333333337,24
2024-10-01 00:00:00+00:00,JPM.US,1.0,0.5,24
2024-11-01 00:00:00+00:00,JPM.US,0.9130434782608695,0.39583333333333337,24
2024-12-02 00:00:00+00:00,JPM.US,0.9130434782608695,0.3645833333333333,24
2021-02-01 00:00:00+00:00,JNJ.US,0.36363636363636365,0.47916666666666663,24
2021-03-01 00:00:00+00:00,JNJ.US,0.15,0.3541666666666667,24
2021-04-01 00:00:00+00:00,JNJ.US,0.21052631578947367,0.3958333333333333,24
2021-05-03 00:00:00+00:00,JNJ.US,0.8421052631578947,0.7083333333333334,24
2021-06-01 00:00:00+00:00,JNJ.US,0.782608695652174,0.65625,24
2021-07-01 00:00:00+00:00,JNJ.US,0.7916666666666666,0.6666666666666667,24
2021-08-02 00:00:00+00:00,JNJ.US,0.7916666666666666,0.6354166666666667,24
2021-09-01 00:00:00+00:00,JNJ.US,0.7083333333333334,0.6458333333333334,24
2021-10-01 00:00:00+00:00,JNJ.US,0.782608695652174,0.6521739130434783,23
2021-11-01 00:00:00+00:00,JNJ.US,0.4782608695652174,0.45652173913043476,23
2021-12-01 00:00:00+00:00,JNJ.US,0.4782608695652174,0.40217391304347827,23
2022-01-03 00:00:00+00:00,JNJ.US,0.43478260869565216,0.4130434782608695,23
2022-02-01 00:00:00+00:00,JNJ.US,0.391304347826087,0.40217391304347827,23
2022-03-01 00:00:00+00:00,JNJ.US,0.5652173913043478,0.4347826086956522,23
2022-04-01 00:00:00+00:00,JNJ.US,0.47619047619047616,0.4090909090909091,22
2022-05-02 00:00:00+00:00,JNJ.US,0.55,0.48863636363636365,22
2022-06-01 00:00:00+00:00,JNJ.US,0.55,0.46590909090909094,22
2022-07-01 00:00:00+00:00,JNJ.US,0.5714285714285714,0.48863636363636365,22
2022-08-01 00:00:00+00:00,JNJ.US,0.5714285714285714,0.5,22
2022-09-01 00:00:00+00:00,JNJ.US,0.5454545454545454,0.4782608695652174,23
2022-10-03 00:00:00+00:00,JNJ.US,0.45454545454545453,0.4782608695652174,23
2022-11-01 00:00:00+00:00,JNJ.US,0.391304347826087,0.4347826086956522,23
2022-12-01 00:00:00+00:00,JNJ.US,0.34782608695652173,0.42391304347826086,23
2023-01-03 00:00:00+00:00,JNJ.US,0.36363636363636365,0.44565217391304346,23
2023-02-01 00:00:00+00:00,JNJ.US,0.45454545454545453,0.44565217391304346,23
2023-03-01 00:00:00+00:00,JNJ.US,0.34782608695652173,0.32608695652173914,23
2023-04-03 00:00:00+00:00,JNJ.US,0.36363636363636365,0.32608695652173914,23
2023-05-01 00:00:00+00:00,JNJ.US,,0.2391304347826087,23
2023-06-01 00:00:00+00:00,JNJ.US,,0.2826086956521739,23
2023-07-03 00:00:00+00:00,JNJ.US,,0.23958333333333334,24
2023-08-01 00:00:00+00:00,JNJ.US,0.7391304347826086,0.5625,24
2023-09-01 00:00:00+00:00,JNJ.US,0.6521739130434783,0.5937500000000001,24
2023-10-02 00:00:00+00:00,JNJ.US,0.6521739130434783,0.5833333333333334,24
2023-11-01 00:00:00+00:00,JNJ.US,1.0,0.90625,24
2023-12-01 00:00:00+00:00,JNJ.US,1.0,0.8645833333333334,24
2024-01-02 00:00:00+00:00,JNJ.US,1.0,0.8645833333333334,24
2024-02-01 00:00:00+00:00,JNJ.US,1.0,0.8645833333333334,24
2024-03-01 00:00:00+00:00,JNJ.US,0.6818181818181818,0.5416666666666666,24
2024-04-01 00:00:00+00:00,JNJ.US,0.7272727272727273,0.6145833333333334,24
2024-05-01 00:00:00+00:00,JNJ.US,0.7272727272727273,0.6145833333333334,24
2024-06-03 00:00:00+00:00,JNJ.US,0.43478260869565216,0.5,24
2024-07-01 00:00:00+00:00,JNJ.US,0.4782608695652174,0.4375,24
2024-08-01 00:00:00+00:00,JNJ.US,0.7391304347826086,0.5729166666666667,24
2024-09-03 00:00:00+00:00,JNJ.US,0.75,0.6041666666666666,24
2024-10-01 00:00:00+00:00,JNJ.US,0.782608695652174,0.6041666666666666,24
2024-11-01 00:00:00+00:00,JNJ.US,0.391304347826087,0.375,24
2024-12-02 00:00:00+00:00,JNJ.US,0.391304347826087,0.3229166666666667,24
2021-02-01 00:00:00+00:00,XOM.US,,0.041666666666666664,24
2021-03-01 00:00:00+00:00,XOM.US,,0.041666666666666664,24
2021-04-01 00:00:00+00:00,XOM.US,,0.041666666666666664,24
2021-05-03 00:00:00+00:00,XOM.US,,0.041666666666666664,24
2021-06-01 00:00:00+00:00,XOM.US,0.6086956521739131,0.19791666666666666,24
2021-07-01 00:00:00+00:00,XOM.US,0.625,0.14583333333333334,24
2021-08-02 00:00:00+00:00,XOM.US,0.6666666666666666,0.14583333333333334,24
2021-09-01 00:00:00+00:00,XOM.US,0.875,0.22916666666666666,24
2021-10-01 00:00:00+00:00,XOM.US,0.8695652173913043,0.22826086956521738,23
2021-11-01 00:00:00+00:00,XOM.US,0.8695652173913043,0.2608695652173913,23
2021-12-01 00:00:00+00:00,XOM.US,0.9130434782608695,0.2608695652173913,23
2022-01-03 00:00:00+00:00,XOM.US,0.9130434782608695,0.2717391304347826,23
2022-02-01 00:00:00+00:00,XOM.US,0.8260869565217391,0.2717391304347826,23
2022-03-01 00:00:00+00:00,XOM.US,1.0,0.3260869565217392,23
2022-04-01 00:00:00+00:00,XOM.US,0.9523809523809523,0.3181818181818182,22
2022-05-02 00:00:00+00:00,XOM.US,0.9,0.3181818181818182,22
2022-06-01 00:00:00+00:00,XOM.US,0.65,0.2159090909090909,22
2022-07-01 00:00:00+00:00,XOM.US,0.7142857142857143,0.25,22
2022-08-01 00:00:00+00:00,XOM.US,0.6666666666666666,0.25,22
2022-09-01 00:00:00+00:00,XOM.US,1.0,0.6195652173913043,23
2022-10-03 00:00:00+00:00,XOM.US,1.0,0.6195652173913043,23
2022-11-01 00:00:00+00:00,XOM.US,0.9565217391304348,0.5978260869565217,23
2022-12-01 00:00:00+00:00,XOM.US,1.0,0.6521739130434783,23
2023-01-03 00:00:00+00:00,XOM.US,1.0,0.6521739130434783,23
2023-02-01 00:00:00+00:00,XOM.US,1.0,0.6630434782608695,23
2023-03-01 00:00:00+00:00,XOM.US,1.0,0.532608695652174,23
2023-04-03 00:00:00+00:00,XOM.US,0.9545454545454546,0.532608695652174,23
2023-05-01 00:00:00+00:00,XOM.US,0.9523809523809523,0.5326086956521738,23
2023-06-01 00:00:00+00:00,XOM.US,0.9,0.45652173913043476,23
2023-07-03 00:00:00+00:00,XOM.US,0.8636363636363636,0.4583333333333333,24
2023-08-01 00:00:00+00:00,XOM.US,0.9130434782608695,0.4166666666666667,24
2023-09-01 00:00:00+00:00,XOM.US,0.8695652173913043,0.3125,24
2023-10-02 00:00:00+00:00,XOM.US,0.782608695652174,0.30208333333333337,24
2023-11-01 00:00:00+00:00,XOM.US,0.8260869565217391,0.30208333333333337,24
2023-12-01 00:00:00+00:00,XOM.US,0.8260869565217391,0.3125,24
2024-01-02 00:00:00+00:00,XOM.US,0.8260869565217391,0.27083333333333337,24
2024-02-01 00:00:00+00:00,XOM.US,0.8260869565217391,0.27083333333333337,24
2024-03-01 00:00:00+00:00,XOM.US,1.0,0.75,24
2024-04-01 00:00:00+00:00,XOM.US,1.0,0.75,24
2024-05-01 00:00:00+00:00,XOM.US,0.9545454545454546,0.4375,24
2024-06-03 00:00:00+00:00,XOM.US,0.8260869565217391,0.375,24
2024-07-01 00:00:00+00:00,XOM.US,0.8260869565217391,0.34374999999999994,24
2024-08-01 00:00:00+00:00,XOM.US,0.8260869565217391,0.3333333333333333,24
2024-09-03 00:00:00+00:00,XOM.US,0.875,0.30208333333333337,24
2024-10-01 00:00:00+00:00,XOM.US,0.8695652173913043,0.3125,24
2024-11-01 00:00:00+00:00,XOM.US,0.8695652173913043,0.32291666666666663,24
2024-12-02 00:00:00+00:00,XOM.US,0.8695652173913043,0.28125,24
2021-02-01 00:00:00+00:00,PG.US,0.5909090909090909,0.59375,24
2021-03-01 00:00:00+00:00,PG.US,0.65,0.6354166666666667,24
2021-04-01 00:00:00+00:00,PG.US,0.6842105263157895,0.625,24
2021-05-03 00:00:00+00:00,PG.US,0.5789473684210527,0.5208333333333334,24
2021-06-01 00:00:00+00:00,PG.US,0.43478260869565216,0.40625,24
2021-07-01 00:00:00+00:00,PG.US,0.5,0.3958333333333333,24
2021-08-02 00:00:00+00:00,PG.US,0.4583333333333333,0.3958333333333333,24
2021-09-01 00:00:00+00:00,PG.US,0.4583333333333333,0.43750000000000006,24
2021-10-01 00:00:00+00:00,PG.US,0.34782608695652173,0.43478260869565216,23
2021-11-01 00:00:00+00:00,PG.US,0.6956521739130435,0.5869565217391305,23
2021-12-01 00:00:00+00:00,PG.US,0.6956521739130435,0.5217391304347826,23
2022-01-03 00:00:00+00:00,PG.US,0.6956521739130435,0.532608695652174,23
2022-02-01 00:00:00+00:00,PG.US,0.6086956521739131,0.532608695652174,23
2022-03-01 00:00:00+00:00,PG.US,0.5217391304347826,0.5869565217391304,23
2022-04-01 00:00:00+00:00,PG.US,0.5238095238095238,0.5568181818181818,22
2022-05-02 00:00:00+00:00,PG.US,0.3,0.46590909090909094,22
2022-06-01 00:00:00+00:00,PG.US,0.25,0.4318181818181819,22
2022-07-01 00:00:00+00:00,PG.US,0.3333333333333333,0.4545454545454546,22
2022-08-01 00:00:00+00:00,PG.US,0.5238095238095238,0.5,22
2022-09-01 00:00:00+00:00,PG.US,0.4090909090909091,0.3913043478260869,23
2022-10-03 00:00:00+00:00,PG.US,0.36363636363636365,0.3804347826086956,23
2022-11-01 00:00:00+00:00,PG.US,0.5217391304347826,0.5434782608695652,23
2022-12-01 00:00:00+00:00,PG.US,0.5217391304347826,0.5652173913043478,23
2023-01-03 00:00:00+00:00,PG.US,0.5,0.5760869565217391,23
2023-02-01 00:00:00+00:00,PG.US,0.5909090909090909,0.5652173913043478,23
2023-03-01 00:00:00+00:00,PG.US,0.5652173913043478,0.6521739130434783,23
2023-04-03 00:00:00+00:00,PG.US,0.5454545454545454,0.6521739130434783,23
2023-05-01 00:00:00+00:00,PG.US,0.3333333333333333,0.532608695652174,23
2023-06-01 00:00:00+00:00,PG.US,0.45,0.5,23
2023-07-03 00:00:00+00:00,PG.US,0.5454545454545454,0.4791666666666667,24
2023-08-01 00:00:00+00:00,PG.US,0.4782608695652174,0.48958333333333337,24
2023-09-01 00:00:00+00:00,PG.US,0.43478260869565216,0.5416666666666667,24
2023-10-02 00:00:00+00:00,PG.US,0.4782608695652174,0.5208333333333334,24
2023-11-01 00:00:00+00:00,PG.US,0.5217391304347826,0.5416666666666667,24
2023-12-01 00:00:00+00:00,PG.US,0.5652173913043478,0.5208333333333333,24
2024-01-02 00:00:00+00:00,PG.US,0.6956521739130435,0.5208333333333333,24
2024-02-01 00:00:00+00:00,PG.US,0.4782608695652174,0.4479166666666667,24
2024-03-01 00:00:00+00:00,PG.US,0.5454545454545454,0.5520833333333333,24
2024-04-01 00:00:00+00:00,PG.US,0.5454545454545454,0.625,24
2024-05-01 00:00:00+00:00,PG.US,0.5454545454545454,0.6770833333333333,24
2024-06-03 00:00:00+00:00,PG.US,0.4782608695652174,0.59375,24
2024-07-01 00:00:00+00:00,PG.US,0.5217391304347826,0.53125,24
2024-08-01 00:00:00+00:00,PG.US,0.5217391304347826,0.53125,24
2024-09-03 00:00:00+00:00,PG.US,0.4583333333333333,0.48958333333333337,24
2024-10-01 00:00:00+00:00,PG.US,0.4782608695652174,0.4791666666666667,24
2024-11-01 00:00:00+00:00,PG.US,0.6086956521739131,0.5729166666666666,24
2024-12-02 00:00:00+00:00,PG.US,0.5217391304347826,0.5833333333333334,24
2021-02-01 00:00:00+00:00,UNH.US,0.5,0.2604166666666667,24
2021-03-01 00:00:00+00:00,UNH.US,0.5,0.3333333333333333,24
2021-04-01 00:00:00+00:00,UNH.US,0.3684210526315789,0.34375000000000006,24
2021-05-03 00:00:00+00:00,UNH.US,0.3157894736842105,0.3229166666666667,24
2021-06-01 00:00:00+00:00,UNH.US,0.6521739130434783,0.3645833333333333,24
2021-07-01 00:00:00+00:00,UNH.US,0.7083333333333334,0.34375000000000006,24
2021-08-02 00:00:00+00:00,UNH.US,0.7083333333333334,0.36458333333333337,24
2021-09-01 00:00:00+00:00,UNH.US,0.5833333333333334,0.2708333333333333,24
2021-10-01 00:00:00+00:00,UNH.US,0.6086956521739131,0.2717391304347826,23
2021-11-01 00:00:00+00:00,UNH.US,0.5652173913043478,0.31521739130434784,23
2021-12-01 00:00:00+00:00,UNH.US,0.5217391304347826,0.26086956521739135,23
2022-01-03 00:00:00+00:00,UNH.US,0.4782608695652174,0.26086956521739135,23
2022-02-01 00:00:00+00:00,UNH.US,0.43478260869565216,0.26086956521739135,23
2022-03-01 00:00:00+00:00,UNH.US,0.34782608695652173,0.22826086956521738,23
2022-04-01 00:00:00+00:00,UNH.US,0.2857142857142857,0.2159090909090909,22
2022-05-02 00:00:00+00:00,UNH.US,0.25,0.25,22
2022-06-01 00:00:00+00:00,UNH.US,0.5,0.3409090909090909,22
2022-07-01 00:00:00+00:00,UNH.US,0.38095238095238093,0.375,22
2022-08-01 00:00:00+00:00,UNH.US,0.47619047619047616,0.38636363636363635,22
2022-09-01 00:00:00+00:00,UNH.US,0.5,0.34782608695652173,23
2022-10-03 00:00:00+00:00,UNH.US,0.4090909090909091,0.358695652173913,23
2022-11-01 00:00:00+00:00,UNH.US,0.34782608695652173,0.31521739130434784,23
2022-12-01 00:00:00+00:00,UNH.US,0.43478260869565216,0.30434782608695654,23
2023-01-03 00:00:00+00:00,UNH.US,0.4090909090909091,0.32608695652173914,23
2023-02-01 00:00:00+00:00,UNH.US,0.5454545454545454,0.32608695652173914,23
2023-03-01 00:00:00+00:00,UNH.US,0.43478260869565216,0.28260869565217395,23
2023-04-03 00:00:00+00:00,UNH.US,0.45454545454545453,0.28260869565217395,23
2023-05-01 00:00:00+00:00,UNH.US,0.38095238095238093,0.29347826086956524,23
2023-06-01 00:00:00+00:00,UNH.US,0.65,0.34782608695652173,23
2023-07-03 00:00:00+00:00,UNH.US,0.7727272727272727,0.3541666666666667,24
2023-08-01 00:00:00+00:00,UNH.US,0.782608695652174,0.33333333333333337,24
2023-09-01 00:00:00+00:00,UNH.US,0.6956521739130435,0.3333333333333333,24
2023-10-02 00:00:00+00:00,UNH.US,0.6086956521739131,0.3229166666666667,24
2023-11-01 00:00:00+00:00,UNH.US,0.43478260869565216,0.26041666666666663,24
2023-12-01 00:00:00+00:00,UNH.US,0.5217391304347826,0.2708333333333333,24
2024-01-02 00:00:00+00:00,UNH.US,0.5217391304347826,0.2708333333333333,24
2024-02-01 00:00:00+00:00,UNH.US,0.6521739130434783,0.2708333333333333,24
2024-03-01 00:00:00+00:00,UNH.US,0.8636363636363636,0.34375,24
2024-04-01 00:00:00+00:00,UNH.US,0.8181818181818182,0.34375,24
2024-05-01 00:00:00+00:00,UNH.US,0.7727272727272727,0.35416666666666663,24
2024-06-03 00:00:00+00:00,UNH.US,,0.0625,24
2024-07-01 00:00:00+00:00,UNH.US,,0.0625,24
2024-08-01 00:00:00+00:00,UNH.US,,0.0625,24
2024-09-03 00:00:00+00:00,UNH.US,0.5416666666666666,0.20833333333333334,24
2024-10-01 00:00:00+00:00,UNH.US,0.5217391304347826,0.20833333333333334,24
2024-11-01 00:00:00+00:00,UNH.US,0.5217391304347826,0.22916666666666669,24
2024-12-02 00:00:00+00:00,UNH.US,0.6521739130434783,0.29166666666666663,24
2021-02-01 00:00:00+00:00,HD.US,0.6818181818181818,0.6250000000000001,24
2021-03-01 00:00:00+00:00,HD.US,0.7,0.6770833333333334,24
2021-04-01 00:00:00+00:00,HD.US,0.5789473684210527,0.6458333333333333,24
2021-05-03 00:00:00+00:00,HD.US,0.47368421052631576,0.6354166666666666,24
2021-06-01 00:00:00+00:00,HD.US,0.6956521739130435,0.6354166666666666,24
2021-07-01 00:00:00+00:00,HD.US,0.6666666666666666,0.6354166666666666,24
2021-08-02 00:00:00+00:00,HD.US,0.625,0.6354166666666666,24
2021-09-01 00:00:00+00:00,HD.US,0.75,0.6875,24
2021-10-01 00:00:00+00:00,HD.US,0.7391304347826086,0.6956521739130435,23
2021-11-01 00:00:00+00:00,HD.US,0.7391304347826086,0.6956521739130435,23
2021-12-01 00:00:00+00:00,HD.US,0.5652173913043478,0.6304347826086956,23
2022-01-03 00:00:00+00:00,HD.US,0.6086956521739131,0.6304347826086956,23
2022-02-01 00:00:00+00:00,HD.US,0.6521739130434783,0.6413043478260869,23
2022-03-01 00:00:00+00:00,HD.US,0.6521739130434783,0.6413043478260869,23
2022-09-01 00:00:00+00:00,HD.US,0.7272727272727273,0.6521739130434783,23
2022-10-03 00:00:00+00:00,HD.US,0.7272727272727273,0.6521739130434783,23
2022-11-01 00:00:00+00:00,HD.US,0.782608695652174,0.6521739130434783,23
2022-12-01 00:00:00+00:00,HD.US,0.7391304347826086,0.6304347826086957,23
2023-01-03 00:00:00+00:00,HD.US,0.7272727272727273,0.6304347826086957,23
2023-02-01 00:00:00+00:00,HD.US,0.7272727272727273,0.6304347826086957,23
2023-03-01 00:00:00+00:00,HD.US,0.7391304347826086,0.6304347826086957,23
2023-04-03 00:00:00+00:00,HD.US,0.5909090909090909,0.5869565217391304,23
2023-05-01 00:00:00+00:00,HD.US,0.5714285714285714,0.5978260869565217,23
2023-06-01 00:00:00+00:00,HD.US,0.7,0.6304347826086956,23
2023-07-03 00:00:00+00:00,HD.US,0.7272727272727273,0.625,24
2023-08-01 00:00:00+00:00,HD.US,0.6956521739130435,0.6145833333333334,24
2023-09-01 00:00:00+00:00,HD.US,0.8260869565217391,0.6458333333333334,24
2023-10-02 00:00:00+00:00,HD.US,0.7391304347826086,0.6458333333333334,24
2023-11-01 00:00:00+00:00,HD.US,0.6956521739130435,0.6354166666666667,24
2023-12-01 00:00:00+00:00,HD.US,0.6086956521739131,0.59375,24
2024-01-02 00:00:00+00:00,HD.US,0.5652173913043478,0.6041666666666666,24
2024-02-01 00:00:00+00:00,HD.US,0.5652173913043478,0.59375,24
2024-03-01 00:00:00+00:00,HD.US,0.5909090909090909,0.625,24
2024-04-01 00:00:00+00:00,HD.US,0.4090909090909091,0.6145833333333333,24
2024-05-01 00:00:00+00:00,HD.US,0.5,0.6145833333333334,24
2024-06-03 00:00:00+00:00,HD.US,0.6956521739130435,0.5833333333333333,24
2024-07-01 00:00:00+00:00,HD.US,0.6956521739130435,0.5729166666666666,24
2024-08-01 00:00:00+00:00,HD.US,0.6521739130434783,0.5729166666666666,24
2024-09-03 00:00:00+00:00,HD.US,0.7916666666666666,0.6041666666666666,24
2024-10-01 00:00:00+00:00,HD.US,0.7391304347826086,0.6145833333333334,24
2024-11-01 00:00:00+00:00,HD.US,0.7391304347826086,0.6041666666666667,24
2024-12-02 00:00:00+00:00,HD.US,0.4782608695652174,0.5625,24
2021-02-01 00:00:00+00:00,CVX.US,,0.08333333333333333,24
2021-03-01 00:00:00+00:00,CVX.US,,0.15625,24
2021-04-01 00:00:00+00:00,CVX.US,,0.17708333333333334,24
2021-05-03 00:00:00+00:00,CVX.US,,0.17708333333333334,24
2021-06-01 00:00:00+00:00,CVX.US,0.34782608695652173,0.16666666666666669,24
2021-07-01 00:00:00+00:00,CVX.US,0.375,0.11458333333333331,24
2021-08-02 00:00:00+00:00,CVX.US,0.375,0.11458333333333331,24
2021-09-01 00:00:00+00:00,CVX.US,0.8333333333333334,0.23958333333333331,24
2021-10-01 00:00:00+00:00,CVX.US,0.8260869565217391,0.2391304347826087,23
2021-11-01 00:00:00+00:00,CVX.US,0.8260869565217391,0.25,23
2021-12-01 00:00:00+00:00,CVX.US,0.9565217391304348,0.33695652173913043,23
2022-01-03 00:00:00+00:00,CVX.US,1.0,0.34782608695652173,23
2022-02-01 00:00:00+00:00,CVX.US,0.9130434782608695,0.34782608695652173,23
2022-03-01 00:00:00+00:00,CVX.US,0.8695652173913043,0.2717391304347826,23
2022-04-01 00:00:00+00:00,CVX.US,0.7619047619047619,0.2727272727272727,22
2022-05-02 00:00:00+00:00,CVX.US,0.8,0.29545454545454547,22
2022-06-01 00:00:00+00:00,CVX.US,0.8,0.3181818181818182,22
2022-07-01 00:00:00+00:00,CVX.US,0.8571428571428571,0.3409090909090909,22
2022-08-01 00:00:00+00:00,CVX.US,0.8571428571428571,0.35227272727272724,22
2022-09-01 00:00:00+00:00,CVX.US,0.9090909090909091,0.5760869565217391,23
2022-10-03 00:00:00+00:00,CVX.US,0.9090909090909091,0.5760869565217391,23
2022-11-01 00:00:00+00:00,CVX.US,0.9130434782608695,0.532608695652174,23
2022-12-01 00:00:00+00:00,CVX.US,0.9130434782608695,0.5108695652173914,23
2023-01-03 00:00:00+00:00,CVX.US,0.9545454545454546,0.5108695652173914,23
2023-02-01 00:00:00+00:00,CVX.US,0.9090909090909091,0.5,23
2023-03-01 00:00:00+00:00,CVX.US,0.8260869565217391,0.30434782608695654,23
2023-04-03 00:00:00+00:00,CVX.US,0.8181818181818182,0.32608695652173914,23
2023-05-01 00:00:00+00:00,CVX.US,0.8095238095238095,0.32608695652173914,23
2023-06-01 00:00:00+00:00,CVX.US,,0.10869565217391305,23
2023-07-03 00:00:00+00:00,CVX.US,,0.09375,24
2023-08-01 00:00:00+00:00,CVX.US,,0.09375,24
2023-09-01 00:00:00+00:00,CVX.US,0.9130434782608695,0.3333333333333333,24
2023-10-02 00:00:00+00:00,CVX.US,0.9130434782608695,0.3229166666666667,24
2023-11-01 00:00:00+00:00,CVX.US,0.8695652173913043,0.3020833333333333,24
2023-12-01 00:00:00+00:00,CVX.US,0.8695652173913043,0.32291666666666663,24
2024-01-02 00:00:00+00:00,CVX.US,0.8695652173913043,0.35416666666666663,24
2024-02-01 00:00:00+00:00,CVX.US,0.8695652173913043,0.35416666666666663,24
2024-03-01 00:00:00+00:00,CVX.US,0.5,0.25,24
2024-04-01 00:00:00+00:00,CVX.US,0.5,0.23958333333333331,24
2024-05-01 00:00:00+00:00,CVX.US,0.45454545454545453,0.21875,24
2024-06-03 00:00:00+00:00,CVX.US,0.8695652173913043,0.32291666666666663,24
2024-07-01 00:00:00+00:00,CVX.US,0.8695652173913043,0.3125,24
2024-08-01 00:00:00+00:00,CVX.US,0.8695652173913043,0.30208333333333337,24
2024-09-03 00:00:00+00:00,CVX.US,0.8333333333333334,0.22916666666666666,24
2024-10-01 00:00:00+00:00,CVX.US,0.8260869565217391,0.23958333333333334,24
2024-11-01 00:00:00+00:00,CVX.US,0.8260869565217391,0.25,24
2024-12-02 00:00:00+00:00,CVX.US,0.8260869565217391,0.20833333333333331,24
2021-02-01 00:00:00+00:00,COST.US,0.22727272727272727,0.3125,24
2021-03-01 00:00:00+00:00,COST.US,0.35,0.3854166666666667,24
2021-04-01 00:00:00+00:00,COST.US,0.3157894736842105,0.3541666666666667,24
2021-05-03 00:00:00+00:00,COST.US,0.2631578947368421,0.3229166666666667,24
2021-06-01 00:00:00+00:00,COST.US,0.21739130434782608,0.18749999999999997,24
2021-07-01 00:00:00+00:00,COST.US,0.20833333333333334,0.24999999999999997,24
2021-08-02 00:00:00+00:00,COST.US,0.20833333333333334,0.24999999999999997,24
2021-09-01 00:00:00+00:00,COST.US,0.25,0.27083333333333337,24
2021-10-01 00:00:00+00:00,COST.US,0.2608695652173913,0.25,23
2021-11-01 00:00:00+00:00,COST.US,0.2608695652173913,0.358695652173913,23
2021-12-01 00:00:00+00:00,COST.US,0.21739130434782608,0.3260869565217391,23
2022-01-03 00:00:00+00:00,COST.US,0.21739130434782608,0.2717391304347826,23
2022-02-01 00:00:00+00:00,COST.US,0.21739130434782608,0.2717391304347826,23
2022-03-01 00:00:00+00:00,COST.US,0.17391304347826086,0.22826086956521738,23
2022-04-01 00:00:00+00:00,COST.US,0.09523809523809523,0.2159090909090909,22
2022-05-02 00:00:00+00:00,COST.US,0.05,0.26136363636363635,22
2022-06-01 00:00:00+00:00,COST.US,0.15,0.24999999999999997,22
2022-07-01 00:00:00+00:00,COST.US,0.19047619047619047,0.28409090909090906,22
2022-08-01 00:00:00+00:00,COST.US,0.14285714285714285,0.30681818181818177,22
2022-09-01 00:00:00+00:00,COST.US,0.18181818181818182,0.2826086956521739,23
2022-10-03 00:00:00+00:00,COST.US,0.13636363636363635,0.2717391304347826,23
2022-11-01 00:00:00+00:00,COST.US,0.2608695652173913,0.33695652173913043,23
2022-12-01 00:00:00+00:00,COST.US,0.21739130434782608,0.358695652173913,23
2023-01-03 00:00:00+00:00,COST.US,0.18181818181818182,0.25,23
2023-02-01 00:00:00+00:00,COST.US,0.18181818181818182,0.25,23
2023-03-01 00:00:00+00:00,COST.US,0.17391304347826086,0.2391304347826087,23
2023-04-03 00:00:00+00:00,COST.US,0.13636363636363635,0.2717391304347826,23
2023-05-01 00:00:00+00:00,COST.US,0.14285714285714285,0.2717391304347826,23
2023-06-01 00:00:00+00:00,COST.US,0.2,0.2934782608695652,23
2023-07-03 00:00:00+00:00,COST.US,0.22727272727272727,0.24999999999999997,24
2023-08-01 00:00:00+00:00,COST.US,0.2608695652173913,0.20833333333333334,24
2023-09-01 00:00:00+00:00,COST.US,0.21739130434782608,0.23958333333333334,24
2023-10-02 00:00:00+00:00,COST.US,0.08695652173913043,0.21875,24
2023-11-01 00:00:00+00:00,COST.US,0.34782608695652173,0.28125,24
2023-12-01 00:00:00+00:00,COST.US,0.391304347826087,0.3020833333333333,24
2024-01-02 00:00:00+00:00,COST.US,0.17391304347826086,0.25,24
2024-02-01 00:00:00+00:00,COST.US,0.13043478260869565,0.25,24
2024-03-01 00:00:00+00:00,COST.US,0.13636363636363635,0.3125,24
2024-04-01 00:00:00+00:00,COST.US,0.18181818181818182,0.40625,24
2024-05-01 00:00:00+00:00,COST.US,0.13636363636363635,0.4375,24
2024-06-03 00:00:00+00:00,COST.US,0.13043478260869565,0.36458333333333337,24
2024-07-01 00:00:00+00:00,COST.US,0.08695652173913043,0.3229166666666667,24
2024-08-01 00:00:00+00:00,COST.US,0.08695652173913043,0.3229166666666667,24
2024-09-03 00:00:00+00:00,COST.US,0.125,0.33333333333333337,24
2024-10-01 00:00:00+00:00,COST.US,0.08695652173913043,0.34375000000000006,24
2024-11-01 00:00:00+00:00,COST.US,0.17391304347826086,0.3958333333333333,24
2024-12-02 00:00:00+00:00,COST.US,0.13043478260869565,0.40625000000000006,24
2021-02-01 00:00:00+00:00,AVGO.US,0.18181818181818182,0.4270833333333333,24
2021-03-01 00:00:00+00:00,AVGO.US,0.25,0.4791666666666667,24
2021-04-01 00:00:00+00:00,AVGO.US,0.47368421052631576,0.5625,24
2021-05-03 00:00:00+00:00,AVGO.US,0.3684210526315789,0.47916666666666663,24
2021-06-01 00:00:00+00:00,AVGO.US,0.2608695652173913,0.3854166666666667,24
2021-07-01 00:00:00+00:00,AVGO.US,0.3333333333333333,0.39583333333333337,24
2021-08-02 00:00:00+00:00,AVGO.US,0.2916666666666667,0.4166666666666667,24
2021-09-01 00:00:00+00:00,AVGO.US,0.375,0.4583333333333333,24
2021-10-01 00:00:00+00:00,AVGO.US,0.43478260869565216,0.6195652173913043,23
2021-11-01 00:00:00+00:00,AVGO.US,0.391304347826087,0.5869565217391304,23
2021-12-01 00:00:00+00:00,AVGO.US,0.34782608695652173,0.532608695652174,23
2022-01-03 00:00:00+00:00,AVGO.US,0.30434782608695654,0.5978260869565217,23
2022-02-01 00:00:00+00:00,AVGO.US,0.34782608695652173,0.5869565217391304,23
2022-03-01 00:00:00+00:00,AVGO.US,0.21739130434782608,0.6086956521739131,23
2022-04-01 00:00:00+00:00,AVGO.US,0.3333333333333333,0.7840909090909092,22
2022-05-02 00:00:00+00:00,AVGO.US,0.45,0.8068181818181819,22
2022-06-01 00:00:00+00:00,AVGO.US,0.35,0.8409090909090909,22
2022-07-01 00:00:00+00:00,AVGO.US,0.6190476190476191,0.8977272727272727,22
2022-08-01 00:00:00+00:00,AVGO.US,0.6190476190476191,0.9431818181818182,22
2022-09-01 00:00:00+00:00,AVGO.US,0.6363636363636364,0.8804347826086956,23
2022-10-03 00:00:00+00:00,AVGO.US,0.5909090909090909,0.8913043478260869,23
2022-11-01 00:00:00+00:00,AVGO.US,0.6086956521739131,0.9021739130434783,23
2022-12-01 00:00:00+00:00,AVGO.US,0.6521739130434783,0.9021739130434783,23
2023-01-03 00:00:00+00:00,AVGO.US,0.6818181818181818,0.9239130434782609,23
2023-02-01 00:00:00+00:00,AVGO.US,0.6818181818181818,0.9347826086956521,23
2023-03-01 00:00:00+00:00,AVGO.US,0.6521739130434783,0.9565217391304348,23
2023-04-03 00:00:00+00:00,AVGO.US,0.7272727272727273,0.9673913043478262,23
2023-05-01 00:00:00+00:00,AVGO.US,0.6666666666666666,0.9673913043478262,23
2023-06-01 00:00:00+00:00,AVGO.US,0.55,0.9673913043478262,23
2023-07-03 00:00:00+00:00,AVGO.US,0.45454545454545453,0.9479166666666666,24
2023-08-01 00:00:00+00:00,AVGO.US,0.391304347826087,0.9270833333333334,24
2023-09-01 00:00:00+00:00,AVGO.US,0.391304347826087,0.8854166666666666,24
2023-10-02 00:00:00+00:00,AVGO.US,0.391304347826087,0.8645833333333334,24
2023-11-01 00:00:00+00:00,AVGO.US,0.391304347826087,0.8124999999999999,24
2023-12-01 00:00:00+00:00,AVGO.US,0.43478260869565216,0.8124999999999999,24
2024-01-02 00:00:00+00:00,AVGO.US,0.30434782608695654,0.8229166666666666,24
2024-02-01 00:00:00+00:00,AVGO.US,0.30434782608695654,0.84375,24
2024-03-01 00:00:00+00:00,AVGO.US,0.3181818181818182,0.84375,24
2024-04-01 00:00:00+00:00,AVGO.US,0.045454545454545456,0.3125,24
2024-05-01 00:00:00+00:00,AVGO.US,0.045454545454545456,0.2916666666666667,24
2024-06-03 00:00:00+00:00,AVGO.US,0.043478260869565216,0.21875,24
2024-07-01 00:00:00+00:00,AVGO.US,0.043478260869565216,0.32291666666666663,24
2024-08-01 00:00:00+00:00,AVGO.US,0.043478260869565216,0.3125,24
2024-09-03 00:00:00+00:00,AVGO.US,0.08333333333333333,0.35416666666666663,24
2024-10-01 00:00:00+00:00,AVGO.US,,0.16666666666666666,24
2024-11-01 00:00:00+00:00,AVGO.US,,0.1875,24
2024-12-02 00:00:00+00:00,AVGO.US,,0.19791666666666666,24
2021-02-01 00:00:00+00:00,BAC.US,0.9545454545454546,0.36458333333333337,24
2021-03-01 00:00:00+00:00,BAC.US,0.95,0.5,24
2021-04-01 00:00:00+00:00,BAC.US,0.8947368421052632,0.5208333333333334,24
2021-05-03 00:00:00+00:00,BAC.US,0.9473684210526315,0.5416666666666666,24
2021-06-01 00:00:00+00:00,BAC.US,0.9130434782608695,0.45833333333333337,24
2021-07-01 00:00:00+00:00,BAC.US,0.9166666666666666,0.44791666666666663,24
2021-08-02 00:00:00+00:00,BAC.US,0.9583333333333334,0.48958333333333337,24
2021-09-01 00:00:00+00:00,BAC.US,1.0,0.5,24
2021-10-01 00:00:00+00:00,BAC.US,0.9565217391304348,0.5108695652173914,23
2021-11-01 00:00:00+00:00,BAC.US,0.9130434782608695,0.5108695652173912,23
2021-12-01 00:00:00+00:00,BAC.US,0.782608695652174,0.46739130434782605,23
2022-01-03 00:00:00+00:00,BAC.US,0.782608695652174,0.46739130434782605,23
2022-02-01 00:00:00+00:00,BAC.US,0.782608695652174,0.46739130434782605,23
2022-03-01 00:00:00+00:00,BAC.US,0.8260869565217391,0.43478260869565216,23
2022-04-01 00:00:00+00:00,BAC.US,0.8571428571428571,0.4318181818181818,22
2022-05-02 00:00:00+00:00,BAC.US,0.85,0.4659090909090909,22
2022-06-01 00:00:00+00:00,BAC.US,0.9,0.48863636363636365,22
2022-07-01 00:00:00+00:00,BAC.US,0.9523809523809523,0.48863636363636365,22
2022-08-01 00:00:00+00:00,BAC.US,0.9047619047619048,0.4659090909090909,22
2022-09-01 00:00:00+00:00,BAC.US,0.8181818181818182,0.46739130434782605,23
2022-10-03 00:00:00+00:00,BAC.US,0.8181818181818182,0.46739130434782605,23
2022-11-01 00:00:00+00:00,BAC.US,0.8695652173913043,0.5,23
2022-12-01 00:00:00+00:00,BAC.US,0.8260869565217391,0.48913043478260865,23
2023-01-03 00:00:00+00:00,BAC.US,0.8636363636363636,0.5108695652173912,23
2023-02-01 00:00:00+00:00,BAC.US,0.8636363636363636,0.5108695652173912,23
2023-03-01 00:00:00+00:00,BAC.US,0.9130434782608695,0.5108695652173912,23
2023-04-03 00:00:00+00:00,BAC.US,1.0,0.5,23
2023-05-01 00:00:00+00:00,BAC.US,1.0,0.5108695652173912,23
2023-06-01 00:00:00+00:00,BAC.US,1.0,0.5434782608695652,23
2023-07-03 00:00:00+00:00,BAC.US,1.0,0.5520833333333333,24
2023-08-01 00:00:00+00:00,BAC.US,0.9565217391304348,0.5416666666666667,24
2023-09-01 00:00:00+00:00,BAC.US,0.9565217391304348,0.53125,24
2023-10-02 00:00:00+00:00,BAC.US,0.9565217391304348,0.53125,24
2023-11-01 00:00:00+00:00,BAC.US,0.9565217391304348,0.45833333333333326,24
2023-12-01 00:00:00+00:00,BAC.US,0.9565217391304348,0.44791666666666663,24
2024-01-02 00:00:00+00:00,BAC.US,0.9565217391304348,0.44791666666666663,24
2024-02-01 00:00:00+00:00,BAC.US,0.9565217391304348,0.44791666666666663,24
2024-03-01 00:00:00+00:00,BAC.US,0.7272727272727273,0.2916666666666667,24
2024-04-01 00:00:00+00:00,BAC.US,0.5909090909090909,0.2916666666666667,24
2024-05-01 00:00:00+00:00,BAC.US,1.0,0.46875,24
2024-06-03 00:00:00+00:00,BAC.US,0.9130434782608695,0.3854166666666667,24
2024-07-01 00:00:00+00:00,BAC.US,0.9130434782608695,0.3541666666666667,24
2024-08-01 00:00:00+00:00,BAC.US,1.0,0.4791666666666667,24
2024-09-03 00:00:00+00:00,BAC.US,0.9583333333333334,0.4791666666666667,24
2024-10-01 00:00:00+00:00,BAC.US,0.9565217391304348,0.5,24
2024-11-01 00:00:00+00:00,BAC.US,0.9565217391304348,0.46875,24
2024-12-02 00:00:00+00:00,BAC.US,0.9565217391304348,0.45833333333333337,24
2021-02-01 00:00:00+00:00,WMT.US,0.7272727272727273,0.3333333333333333,24
2021-03-01 00:00:00+00:00,WMT.US,0.8,0.375,24
2021-04-01 00:00:00+00:00,WMT.US,,0.19791666666666666,24
2021-05-03 00:00:00+00:00,WMT.US,,0.19791666666666666,24
2021-06-01 00:00:00+00:00,WMT.US,,0.0625,24
2021-07-01 00:00:00+00:00,WMT.US,0.25,0.15625,24
2021-08-02 00:00:00+00:00,WMT.US,0.25,0.15625,24
2021-09-01 00:00:00+00:00,WMT.US,0.2916666666666667,0.14583333333333334,24
2021-10-01 00:00:00+00:00,WMT.US,0.5652173913043478,0.19565217391304346,23
2021-11-01 00:00:00+00:00,WMT.US,0.6086956521739131,0.25,23
2021-12-01 00:00:00+00:00,WMT.US,0.6086956521739131,0.20652173913043478,23
2022-01-03 00:00:00+00:00,WMT.US,0.34782608695652173,0.14130434782608695,23
2022-02-01 00:00:00+00:00,WMT.US,0.30434782608695654,0.14130434782608695,23
2022-03-01 00:00:00+00:00,WMT.US,0.391304347826087,0.15217391304347827,23
2022-04-01 00:00:00+00:00,WMT.US,1.0,0.5340909090909091,22
2022-05-02 00:00:00+00:00,WMT.US,1.0,0.5681818181818181,22
2022-06-01 00:00:00+00:00,WMT.US,1.0,0.5909090909090908,22
2022-07-01 00:00:00+00:00,WMT.US,0.14285714285714285,0.18181818181818182,22
2022-08-01 00:00:00+00:00,WMT.US,0.19047619047619047,0.18181818181818182,22
2022-09-01 00:00:00+00:00,WMT.US,0.13636363636363635,0.17391304347826086,23
2022-10-03 00:00:00+00:00,WMT.US,0.5454545454545454,0.2717391304347826,23
2022-11-01 00:00:00+00:00,WMT.US,0.5652173913043478,0.25,23
2022-12-01 00:00:00+00:00,WMT.US,0.5652173913043478,0.26086956521739135,23
2023-01-03 00:00:00+00:00,WMT.US,,0.043478260869565216,23
2023-02-01 00:00:00+00:00,WMT.US,,0.043478260869565216,23
2023-03-01 00:00:00+00:00,WMT.US,0.782608695652174,0.391304347826087,23
2023-04-03 00:00:00+00:00,WMT.US,0.7727272727272727,0.33695652173913043,23
2023-05-01 00:00:00+00:00,WMT.US,0.7142857142857143,0.3260869565217391,23
2023-06-01 00:00:00+00:00,WMT.US,0.75,0.32608695652173914,23
2023-07-03 00:00:00+00:00,WMT.US,0.18181818181818182,0.1875,24
2023-08-01 00:00:00+00:00,WMT.US,0.17391304347826086,0.16666666666666669,24
2023-09-01 00:00:00+00:00,WMT.US,0.043478260869565216,0.14583333333333334,24
2023-10-02 00:00:00+00:00,WMT.US,0.8260869565217391,0.41666666666666663,24
2023-11-01 00:00:00+00:00,WMT.US,0.7391304347826086,0.36458333333333337,24
2023-12-01 00:00:00+00:00,WMT.US,0.043478260869565216,0.10416666666666666,24
2024-01-02 00:00:00+00:00,WMT.US,0.043478260869565216,0.10416666666666666,24
2024-02-01 00:00:00+00:00,WMT.US,0.043478260869565216,0.10416666666666666,24
2024-03-01 00:00:00+00:00,WMT.US,0.045454545454545456,0.15625,24
2024-04-01 00:00:00+00:00,WMT.US,0.7727272727272727,0.3541666666666667,24
2024-05-01 00:00:00+00:00,WMT.US,0.6818181818181818,0.3645833333333333,24
2024-06-03 00:00:00+00:00,WMT.US,0.6086956521739131,0.32291666666666663,24
2024-07-01 00:00:00+00:00,WMT.US,0.5652173913043478,0.28125,24
2024-08-01 00:00:00+00:00,WMT.US,0.4782608695652174,0.26041666666666663,24
2024-09-03 00:00:00+00:00,WMT.US,0.4166666666666667,0.23958333333333334,24
2024-10-01 00:00:00+00:00,WMT.US,0.43478260869565216,0.25,24
2024-11-01 00:00:00+00:00,WMT.US,0.34782608695652173,0.2708333333333333,24
2024-12-02 00:00:00+00:00,WMT.US,0.2608695652173913,0.20833333333333334,24
2021-02-01 00:00:00+00:00,PFE.US,0.8181818181818182,0.39583333333333337,24
2021-03-01 00:00:00+00:00,PFE.US,,0.17708333333333331,24
2021-04-01 00:00:00+00:00,PFE.US,,0.17708333333333331,24
2021-05-03 00:00:00+00:00,PFE.US,,0.16666666666666666,24
2021-06-01 00:00:00+00:00,PFE.US,0.9565217391304348,0.6458333333333334,24
2021-07-01 00:00:00+00:00,PFE.US,0.9583333333333334,0.6354166666666666,24
2021-08-02 00:00:00+00:00,PFE.US,0.9166666666666666,0.625,24
2021-09-01 00:00:00+00:00,PFE.US,0.9166666666666666,0.6875,24
2021-10-01 00:00:00+00:00,PFE.US,1.0,0.6956521739130435,23
2021-11-01 00:00:00+00:00,PFE.US,1.0,0.6847826086956522,23
2021-12-01 00:00:00+00:00,PFE.US,1.0,0.7282608695652175,23
2022-01-03 00:00:00+00:00,PFE.US,0.9565217391304348,0.7173913043478262,23
2022-02-01 00:00:00+00:00,PFE.US,1.0,0.717391304347826,23
2022-03-01 00:00:00+00:00,PFE.US,0.782608695652174,0.32608695652173914,23
2022-04-01 00:00:00+00:00,PFE.US,0.6666666666666666,0.3068181818181818,22
2022-05-02 00:00:00+00:00,PFE.US,0.7,0.3295454545454546,22
2022-06-01 00:00:00+00:00,PFE.US,0.95,0.8181818181818181,22
2022-07-01 00:00:00+00:00,PFE.US,1.0,0.8409090909090908,22
2022-08-01 00:00:00+00:00,PFE.US,1.0,0.8522727272727273,22
2022-09-01 00:00:00+00:00,PFE.US,0.9545454545454546,0.9347826086956522,23
2022-10-03 00:00:00+00:00,PFE.US,0.9545454545454546,0.9347826086956522,23
2022-11-01 00:00:00+00:00,PFE.US,1.0,0.9239130434782609,23
2022-12-01 00:00:00+00:00,PFE.US,0.9565217391304348,0.8695652173913043,23
2023-01-03 00:00:00+00:00,PFE.US,0.9090909090909091,0.8586956521739131,23
2023-02-01 00:00:00+00:00,PFE.US,0.9545454545454546,0.8804347826086956,23
2023-03-01 00:00:00+00:00,PFE.US,0.8695652173913043,0.5217391304347826,23
2023-04-03 00:00:00+00:00,PFE.US,0.8636363636363636,0.5217391304347826,23
2023-05-01 00:00:00+00:00,PFE.US,0.8571428571428571,0.4565217391304348,23
2023-06-01 00:00:00+00:00,PFE.US,0.85,0.6521739130434783,23
2023-07-03 00:00:00+00:00,PFE.US,0.9545454545454546,0.6666666666666666,24
2023-08-01 00:00:00+00:00,PFE.US,1.0,0.65625,24
2023-09-01 00:00:00+00:00,PFE.US,0.7391304347826086,0.3020833333333333,24
2023-10-02 00:00:00+00:00,PFE.US,0.6956521739130435,0.29166666666666663,24
2023-11-01 00:00:00+00:00,PFE.US,0.6521739130434783,0.28125,24
2023-12-01 00:00:00+00:00,PFE.US,,0.041666666666666664,24
2024-01-02 00:00:00+00:00,PFE.US,,0.041666666666666664,24
2024-02-01 00:00:00+00:00,PFE.US,,0.041666666666666664,24
2024-03-01 00:00:00+00:00,PFE.US,,0.05208333333333333,24
2024-04-01 00:00:00+00:00,PFE.US,,0.05208333333333333,24
2024-05-01 00:00:00+00:00,PFE.US,,0.05208333333333333,24
2024-06-03 00:00:00+00:00,PFE.US,0.9565217391304348,0.4583333333333333,24
2024-07-01 00:00:00+00:00,PFE.US,0.9565217391304348,0.41666666666666663,24
2024-08-01 00:00:00+00:00,PFE.US,0.9130434782608695,0.4166666666666667,24
2024-09-03 00:00:00+00:00,PFE.US,0.041666666666666664,0.10416666666666667,24
2024-10-01 00:00:00+00:00,PFE.US,0.043478260869565216,0.13541666666666669,24
2024-11-01 00:00:00+00:00,PFE.US,0.043478260869565216,0.13541666666666669,24
2024-12-02 00:00:00+00:00,PFE.US,1.0,0.5416666666666666,24
2021-02-01 00:00:00+00:00,KO.US,0.4090909090909091,0.5520833333333333,24
2021-03-01 00:00:00+00:00,KO.US,0.3,0.5,24
2021-04-01 00:00:00+00:00,KO.US,0.42105263157894735,0.53125,24
2021-05-03 00:00:00+00:00,KO.US,0.7368421052631579,0.6458333333333334,24
2021-06-01 00:00:00+00:00,KO.US,0.4782608695652174,0.5833333333333334,24
2021-07-01 00:00:00+00:00,KO.US,0.5833333333333334,0.5833333333333334,24
2021-08-02 00:00:00+00:00,KO.US,0.5833333333333334,0.625,24
2021-09-01 00:00:00+00:00,KO.US,0.625,0.6354166666666666,24
2021-10-01 00:00:00+00:00,KO.US,0.6521739130434783,0.6521739130434783,23
2021-11-01 00:00:00+00:00,KO.US,0.6521739130434783,0.6195652173913043,23
2021-12-01 00:00:00+00:00,KO.US,0.6521739130434783,0.5869565217391305,23
2022-01-03 00:00:00+00:00,KO.US,0.6521739130434783,0.5978260869565217,23
2022-02-01 00:00:00+00:00,KO.US,0.5652173913043478,0.5869565217391304,23
2022-03-01 00:00:00+00:00,KO.US,0.43478260869565216,0.5652173913043478,23
2022-04-01 00:00:00+00:00,KO.US,0.38095238095238093,0.5227272727272727,22
2022-05-02 00:00:00+00:00,KO.US,0.5,0.6931818181818181,22
2022-06-01 00:00:00+00:00,KO.US,0.45,0.7045454545454546,22
2022-07-01 00:00:00+00:00,KO.US,0.5238095238095238,0.7159090909090908,22
2022-08-01 00:00:00+00:00,KO.US,0.3333333333333333,0.4431818181818181,22
2022-09-01 00:00:00+00:00,KO.US,0.3181818181818182,0.46739130434782605,23
2022-10-03 00:00:00+00:00,KO.US,0.18181818181818182,0.46739130434782605,23
2022-11-01 00:00:00+00:00,KO.US,0.4782608695652174,0.7065217391304348,23
2022-12-01 00:00:00+00:00,KO.US,0.4782608695652174,0.7391304347826086,23
2023-01-03 00:00:00+00:00,KO.US,0.45454545454545453,0.7391304347826086,23
2023-02-01 00:00:00+00:00,KO.US,0.5,0.7391304347826086,23
2023-03-01 00:00:00+00:00,KO.US,0.2608695652173913,0.532608695652174,23
2023-04-03 00:00:00+00:00,KO.US,0.3181818181818182,0.532608695652174,23
2023-05-01 00:00:00+00:00,KO.US,0.6190476190476191,0.7717391304347825,23
2023-06-01 00:00:00+00:00,KO.US,0.6,0.7608695652173914,23
2023-07-03 00:00:00+00:00,KO.US,0.6818181818181818,0.7604166666666666,24
2023-08-01 00:00:00+00:00,KO.US,0.5217391304347826,0.5,24
2023-09-01 00:00:00+00:00,KO.US,0.5652173913043478,0.5625,24
2023-10-02 00:00:00+00:00,KO.US,0.5652173913043478,0.5520833333333334,24
2023-11-01 00:00:00+00:00,KO.US,0.5652173913043478,0.6249999999999999,24
2023-12-01 00:00:00+00:00,KO.US,0.6521739130434783,0.6145833333333333,24
2024-01-02 00:00:00+00:00,KO.US,0.6521739130434783,0.6041666666666666,24
2024-02-01 00:00:00+00:00,KO.US,0.6956521739130435,0.6145833333333333,24
2024-03-01 00:00:00+00:00,KO.US,0.45454545454545453,0.5520833333333333,24
2024-04-01 00:00:00+00:00,KO.US,0.45454545454545453,0.6145833333333333,24
2024-05-01 00:00:00+00:00,KO.US,0.4090909090909091,0.5833333333333333,24
2024-06-03 00:00:00+00:00,KO.US,0.7391304347826086,0.7083333333333334,24
2024-07-01 00:00:00+00:00,KO.US,0.7391304347826086,0.6666666666666666,24
2024-08-01 00:00:00+00:00,KO.US,0.43478260869565216,0.5520833333333333,24
2024-09-03 00:00:00+00:00,KO.US,0.5833333333333334,0.5729166666666666,24
2024-10-01 00:00:00+00:00,KO.US,0.5652173913043478,0.5729166666666666,24
2024-11-01 00:00:00+00:00,KO.US,0.6521739130434783,0.6145833333333334,24
2024-12-02 00:00:00+00:00,KO.US,0.6086956521739131,0.625,24
2021-02-01 00:00:00+00:00,ORCL.US,0.7727272727272727,0.75,24
2021-03-01 00:00:00+00:00,ORCL.US,0.6,0.7604166666666666,24
2021-04-01 00:00:00+00:00,ORCL.US,0.9473684210526315,0.8958333333333334,24
2021-05-03 00:00:00+00:00,ORCL.US,0.8947368421052632,0.8958333333333334,24
2021-06-01 00:00:00+00:00,ORCL.US,0.8695652173913043,0.8854166666666667,24
2021-07-01 00:00:00+00:00,ORCL.US,0.875,0.84375,24
2021-08-02 00:00:00+00:00,ORCL.US,0.875,0.8541666666666666,24
2021-09-01 00:00:00+00:00,ORCL.US,0.7916666666666666,0.8333333333333334,24
2023-07-03 00:00:00+00:00,ORCL.US,0.5909090909090909,0.6979166666666666,24
2023-08-01 00:00:00+00:00,ORCL.US,0.5652173913043478,0.6875,24
2023-09-01 00:00:00+00:00,ORCL.US,0.5217391304347826,0.7083333333333334,24
2023-10-02 00:00:00+00:00,ORCL.US,0.30434782608695654,0.5729166666666667,24
2023-11-01 00:00:00+00:00,ORCL.US,0.2608695652173913,0.5416666666666667,24
2023-12-01 00:00:00+00:00,ORCL.US,0.21739130434782608,0.5208333333333334,24
2024-01-02 00:00:00+00:00,ORCL.US,0.43478260869565216,0.5520833333333334,24
2024-02-01 00:00:00+00:00,ORCL.US,0.43478260869565216,0.5625,24
2024-03-01 00:00:00+00:00,ORCL.US,0.4090909090909091,0.6666666666666667,24
2024-04-01 00:00:00+00:00,ORCL.US,0.3181818181818182,0.6770833333333333,24
2024-05-01 00:00:00+00:00,ORCL.US,0.3181818181818182,0.65625,24
2024-06-03 00:00:00+00:00,ORCL.US,0.34782608695652173,0.625,24
2024-07-01 00:00:00+00:00,ORCL.US,0.391304347826087,0.71875,24
2024-08-01 00:00:00+00:00,ORCL.US,0.391304347826087,0.7083333333333334,24
2024-09-03 00:00:00+00:00,ORCL.US,0.5,0.6875000000000001,24
2024-10-01 00:00:00+00:00,ORCL.US,0.2608695652173913,0.65625,24
2024-11-01 00:00:00+00:00,ORCL.US,0.2608695652173913,0.6770833333333334,24
2024-12-02 00:00:00+00:00,ORCL.US,0.21739130434782608,0.6770833333333334,24
2021-02-01 00:00:00+00:00,CSCO.US,0.6363636363636364,0.4583333333333333,24
2021-03-01 00:00:00+00:00,CSCO.US,0.9,0.5833333333333333,24
2021-04-01 00:00:00+00:00,CSCO.US,0.7894736842105263,0.5729166666666666,24
2021-05-03 00:00:00+00:00,CSCO.US,0.7894736842105263,0.53125,24
2021-06-01 00:00:00+00:00,CSCO.US,0.7391304347826086,0.49999999999999994,24
2021-07-01 00:00:00+00:00,CSCO.US,0.75,0.4791666666666667,24
2021-08-02 00:00:00+00:00,CSCO.US,0.75,0.4791666666666667,24
2021-09-01 00:00:00+00:00,CSCO.US,0.6666666666666666,0.49999999999999994,24
2021-10-01 00:00:00+00:00,CSCO.US,0.6956521739130435,0.5108695652173914,23
2021-11-01 00:00:00+00:00,CSCO.US,0.782608695652174,0.532608695652174,23
2021-12-01 00:00:00+00:00,CSCO.US,0.7391304347826086,0.4891304347826087,23
2022-01-03 00:00:00+00:00,CSCO.US,0.7391304347826086,0.4891304347826087,23
2022-02-01 00:00:00+00:00,CSCO.US,0.7391304347826086,0.4891304347826087,23
2022-03-01 00:00:00+00:00,CSCO.US,0.6956521739130435,0.5326086956521738,23
2022-04-01 00:00:00+00:00,CSCO.US,0.6190476190476191,0.5,22
2022-05-02 00:00:00+00:00,CSCO.US,0.65,0.5568181818181818,22
2022-06-01 00:00:00+00:00,CSCO.US,0.7,0.5454545454545454,22
2022-07-01 00:00:00+00:00,CSCO.US,0.7619047619047619,0.5681818181818181,22
2022-08-01 00:00:00+00:00,CSCO.US,0.7619047619047619,0.6477272727272727,22
2022-09-01 00:00:00+00:00,CSCO.US,0.6818181818181818,0.6086956521739131,23
2022-10-03 00:00:00+00:00,CSCO.US,0.6818181818181818,0.532608695652174,23
2022-11-01 00:00:00+00:00,CSCO.US,0.6521739130434783,0.532608695652174,23
2022-12-01 00:00:00+00:00,CSCO.US,0.782608695652174,0.5,23
2023-01-03 00:00:00+00:00,CSCO.US,0.7727272727272727,0.532608695652174,23
2023-02-01 00:00:00+00:00,CSCO.US,0.7727272727272727,0.532608695652174,23
2023-03-01 00:00:00+00:00,CSCO.US,0.6956521739130435,0.6304347826086957,23
2023-04-03 00:00:00+00:00,CSCO.US,0.6818181818181818,0.6304347826086957,23
2023-05-01 00:00:00+00:00,CSCO.US,0.7619047619047619,0.5543478260869565,23
2023-06-01 00:00:00+00:00,CSCO.US,0.8,0.6413043478260869,23
2023-07-03 00:00:00+00:00,CSCO.US,0.8181818181818182,0.625,24
2023-08-01 00:00:00+00:00,CSCO.US,0.8260869565217391,0.5833333333333333,24
2023-09-01 00:00:00+00:00,CSCO.US,0.782608695652174,0.6041666666666666,24
2023-10-02 00:00:00+00:00,CSCO.US,0.8695652173913043,0.6875,24
2023-11-01 00:00:00+00:00,CSCO.US,0.782608695652174,0.6354166666666667,24
2023-12-01 00:00:00+00:00,CSCO.US,0.7391304347826086,0.5520833333333333,24
2024-01-02 00:00:00+00:00,CSCO.US,0.782608695652174,0.5624999999999999,24
2024-02-01 00:00:00+00:00,CSCO.US,0.782608695652174,0.59375,24
2024-03-01 00:00:00+00:00,CSCO.US,0.9090909090909091,0.5729166666666666,24
2024-04-01 00:00:00+00:00,CSCO.US,0.9090909090909091,0.6354166666666667,24
2024-05-01 00:00:00+00:00,CSCO.US,0.8636363636363636,0.6458333333333334,24
2024-06-03 00:00:00+00:00,CSCO.US,0.5652173913043478,0.34375,24
2024-07-01 00:00:00+00:00,CSCO.US,0.6086956521739131,0.3125,24
2024-08-01 00:00:00+00:00,CSCO.US,0.6086956521739131,0.3125,24
2024-09-03 00:00:00+00:00,CSCO.US,0.625,0.3229166666666667,24
2024-10-01 00:00:00+00:00,CSCO.US,0.6521739130434783,0.40624999999999994,24
2024-11-01 00:00:00+00:00,CSCO.US,0.5652173913043478,0.42708333333333337,24
2024-12-02 00:00:00+00:00,CSCO.US,0.6956521739130435,0.47916666666666663,24
2021-02-01 00:00:00+00:00,CRM.US,0.13636363636363635,0.2916666666666667,24
2021-03-01 00:00:00+00:00,CRM.US,0.2,0.3645833333333333,24
2021-04-01 00:00:00+00:00,CRM.US,0.05263157894736842,0.28124999999999994,24
2021-05-03 00:00:00+00:00,CRM.US,0.05263157894736842,0.28124999999999994,24
2021-06-01 00:00:00+00:00,CRM.US,0.043478260869565216,0.12499999999999999,24
2021-07-01 00:00:00+00:00,CRM.US,0.041666666666666664,0.1875,24
2021-08-02 00:00:00+00:00,CRM.US,0.041666666666666664,0.1875,24
2021-09-01 00:00:00+00:00,CRM.US,0.041666666666666664,0.14583333333333334,24
2021-10-01 00:00:00+00:00,CRM.US,0.043478260869565216,0.15217391304347827,23
2021-11-01 00:00:00+00:00,CRM.US,0.08695652173913043,0.16304347826086957,23
2021-12-01 00:00:00+00:00,CRM.US,0.08695652173913043,0.14130434782608695,23
2022-01-03 00:00:00+00:00,CRM.US,0.08695652173913043,0.10869565217391303,23
2022-02-01 00:00:00+00:00,CRM.US,0.043478260869565216,0.10869565217391303,23
2022-03-01 00:00:00+00:00,CRM.US,0.043478260869565216,0.09782608695652173,23
2022-04-01 00:00:00+00:00,CRM.US,,0.045454545454545456,22
2022-05-02 00:00:00+00:00,CRM.US,,0.07954545454545454,22
2022-06-01 00:00:00+00:00,CRM.US,,0.07954545454545454,22
2022-07-01 00:00:00+00:00,CRM.US,0.047619047619047616,0.07954545454545454,22
2022-08-01 00:00:00+00:00,CRM.US,0.047619047619047616,0.07954545454545454,22
2022-09-01 00:00:00+00:00,CRM.US,0.045454545454545456,0.07608695652173914,23
2022-10-03 00:00:00+00:00,CRM.US,0.045454545454545456,0.07608695652173914,23
2022-11-01 00:00:00+00:00,CRM.US,0.043478260869565216,0.043478260869565216,23
2022-12-01 00:00:00+00:00,CRM.US,0.043478260869565216,0.043478260869565216,23
2023-01-03 00:00:00+00:00,CRM.US,0.045454545454545456,0.13043478260869565,23
2023-02-01 00:00:00+00:00,CRM.US,0.045454545454545456,0.13043478260869565,23
2023-03-01 00:00:00+00:00,CRM.US,0.08695652173913043,0.11956521739130435,23
2023-04-03 00:00:00+00:00,CRM.US,,0.07608695652173914,23
2023-05-01 00:00:00+00:00,CRM.US,,0.07608695652173914,23
2023-06-01 00:00:00+00:00,CRM.US,,0.10869565217391304,23
2023-07-03 00:00:00+00:00,CRM.US,0.045454545454545456,0.19791666666666666,24
2023-08-01 00:00:00+00:00,CRM.US,0.043478260869565216,0.17708333333333331,24
2023-09-01 00:00:00+00:00,CRM.US,0.2608695652173913,0.2708333333333333,24
2023-10-02 00:00:00+00:00,CRM.US,0.21739130434782608,0.26041666666666663,24
2023-11-01 00:00:00+00:00,CRM.US,0.13043478260869565,0.26041666666666663,24
2023-12-01 00:00:00+00:00,CRM.US,0.13043478260869565,0.2604166666666667,24
2024-01-02 00:00:00+00:00,CRM.US,0.08695652173913043,0.2604166666666667,24
2024-02-01 00:00:00+00:00,CRM.US,0.08695652173913043,0.2604166666666667,24
2024-03-01 00:00:00+00:00,CRM.US,0.09090909090909091,0.34375,24
2024-04-01 00:00:00+00:00,CRM.US,0.13636363636363635,0.3958333333333333,24
2024-05-01 00:00:00+00:00,CRM.US,0.18181818181818182,0.38541666666666663,24
2024-06-03 00:00:00+00:00,CRM.US,0.2608695652173913,0.35416666666666663,24
2024-07-01 00:00:00+00:00,CRM.US,0.21739130434782608,0.30208333333333337,24
2024-08-01 00:00:00+00:00,CRM.US,0.21739130434782608,0.2916666666666667,24
2024-09-03 00:00:00+00:00,CRM.US,0.20833333333333334,0.3333333333333333,24
2024-10-01 00:00:00+00:00,CRM.US,0.13043478260869565,0.3229166666666667,24
2024-11-01 00:00:00+00:00,CRM.US,0.13043478260869565,0.3229166666666667,24
2024-12-02 00:00:00+00:00,CRM.US,0.08695652173913043,0.29166666666666663,24
2021-02-01 00:00:00+00:00,ADBE.US,0.45454545454545453,0.9270833333333334,24
2021-03-01 00:00:00+00:00,ADBE.US,0.45,0.9270833333333334,24
2021-04-01 00:00:00+00:00,ADBE.US,0.2631578947368421,0.8333333333333334,24
2021-05-03 00:00:00+00:00,ADBE.US,0.21052631578947367,0.7916666666666667,24
2021-06-01 00:00:00+00:00,ADBE.US,0.17391304347826086,0.7395833333333334,24
2021-07-01 00:00:00+00:00,ADBE.US,0.125,0.7187499999999999,24
2021-08-02 00:00:00+00:00,ADBE.US,0.08333333333333333,0.7291666666666666,24
2021-09-01 00:00:00+00:00,ADBE.US,0.08333333333333333,0.7291666666666666,24
2021-10-01 00:00:00+00:00,ADBE.US,0.08695652173913043,0.7717391304347827,23
2021-11-01 00:00:00+00:00,ADBE.US,0.17391304347826086,0.7608695652173914,23
2021-12-01 00:00:00+00:00,ADBE.US,0.17391304347826086,0.6956521739130435,23
2022-01-03 00:00:00+00:00,ADBE.US,0.17391304347826086,0.7065217391304348,23
2022-02-01 00:00:00+00:00,ADBE.US,0.17391304347826086,0.6956521739130435,23
2022-03-01 00:00:00+00:00,ADBE.US,0.13043478260869565,0.75,23
2022-04-01 00:00:00+00:00,ADBE.US,0.14285714285714285,0.7045454545454546,22
2022-05-02 00:00:00+00:00,ADBE.US,0.15,0.7840909090909092,22
2022-06-01 00:00:00+00:00,ADBE.US,0.1,0.8181818181818182,22
2022-07-01 00:00:00+00:00,ADBE.US,0.23809523809523808,0.7840909090909092,22
2022-08-01 00:00:00+00:00,ADBE.US,0.23809523809523808,0.8068181818181819,22
2022-09-01 00:00:00+00:00,ADBE.US,0.22727272727272727,0.7608695652173912,23
2022-10-03 00:00:00+00:00,ADBE.US,0.22727272727272727,0.7282608695652175,23
2022-11-01 00:00:00+00:00,ADBE.US,0.17391304347826086,0.7065217391304348,23
2022-12-01 00:00:00+00:00,ADBE.US,0.17391304347826086,0.7391304347826088,23
2023-01-03 00:00:00+00:00,ADBE.US,0.22727272727272727,0.75,23
2023-02-01 00:00:00+00:00,ADBE.US,0.22727272727272727,0.7608695652173914,23
2023-03-01 00:00:00+00:00,ADBE.US,0.21739130434782608,0.8043478260869565,23
2023-04-03 00:00:00+00:00,ADBE.US,0.18181818181818182,0.8586956521739131,23
2023-05-01 00:00:00+00:00,ADBE.US,0.19047619047619047,0.8369565217391305,23
2023-06-01 00:00:00+00:00,ADBE.US,0.15,0.7934782608695653,23
2023-07-03 00:00:00+00:00,ADBE.US,0.2727272727272727,0.7916666666666667,24
2023-08-01 00:00:00+00:00,ADBE.US,0.21739130434782608,0.7916666666666666,24
2023-09-01 00:00:00+00:00,ADBE.US,0.17391304347826086,0.7812500000000001,24
2023-10-02 00:00:00+00:00,ADBE.US,0.17391304347826086,0.7812500000000001,24
2023-11-01 00:00:00+00:00,ADBE.US,0.043478260869565216,0.7083333333333334,24
2023-12-01 00:00:00+00:00,ADBE.US,0.08695652173913043,0.6979166666666666,24
2024-01-02 00:00:00+00:00,ADBE.US,0.13043478260869565,0.6875,24
2024-02-01 00:00:00+00:00,ADBE.US,0.17391304347826086,0.71875,24
2024-03-01 00:00:00+00:00,ADBE.US,0.22727272727272727,0.7604166666666666,24
2024-04-01 00:00:00+00:00,ADBE.US,0.09090909090909091,0.44791666666666663,24
2024-05-01 00:00:00+00:00,ADBE.US,0.09090909090909091,0.44791666666666663,24
2024-06-03 00:00:00+00:00,ADBE.US,0.08695652173913043,0.40625,24
2024-07-01 00:00:00+00:00,ADBE.US,0.2608695652173913,0.8125000000000001,24
2024-08-01 00:00:00+00:00,ADBE.US,0.2608695652173913,0.8125,24
2024-09-03 00:00:00+00:00,ADBE.US,0.25,0.8125,24
2024-10-01 00:00:00+00:00,ADBE.US,0.391304347826087,0.8125,24
2024-11-01 00:00:00+00:00,ADBE.US,0.43478260869565216,0.8125,24
2024-12-02 00:00:00+00:00,ADBE.US,0.34782608695652173,0.8541666666666667,24
2021-02-01 00:00:00+00:00,MRK.US,0.9090909090909091,0.6770833333333333,24
2021-03-01 00:00:00+00:00,MRK.US,,0.09374999999999999,24
2021-04-01 00:00:00+00:00,MRK.US,,0.09374999999999999,24
2021-05-03 00:00:00+00:00,MRK.US,,0.09374999999999999,24
2021-06-01 00:00:00+00:00,MRK.US,0.8260869565217391,0.5729166666666666,24
2021-07-01 00:00:00+00:00,MRK.US,0.8333333333333334,0.5729166666666666,24
2021-08-02 00:00:00+00:00,MRK.US,0.8333333333333334,0.5624999999999999,24
2021-09-01 00:00:00+00:00,MRK.US,0.20833333333333334,0.19791666666666663,24
2021-10-01 00:00:00+00:00,MRK.US,0.21739130434782608,0.20652173913043478,23
2021-11-01 00:00:00+00:00,MRK.US,0.21739130434782608,0.22826086956521738,23
2021-12-01 00:00:00+00:00,MRK.US,0.8695652173913043,0.8369565217391304,23
2022-01-03 00:00:00+00:00,MRK.US,0.8260869565217391,0.8369565217391304,23
2022-02-01 00:00:00+00:00,MRK.US,0.8695652173913043,0.8478260869565217,23
2022-03-01 00:00:00+00:00,MRK.US,0.9130434782608695,0.6956521739130435,23
2022-04-01 00:00:00+00:00,MRK.US,0.8095238095238095,0.6590909090909091,22
2022-05-02 00:00:00+00:00,MRK.US,0.75,0.6704545454545454,22
2022-06-01 00:00:00+00:00,MRK.US,0.75,0.7727272727272727,22
2022-07-01 00:00:00+00:00,MRK.US,0.8095238095238095,0.8181818181818182,22
2022-08-01 00:00:00+00:00,MRK.US,0.8095238095238095,0.8295454545454546,22
2022-09-01 00:00:00+00:00,MRK.US,0.7727272727272727,0.7391304347826086,23
2022-10-03 00:00:00+00:00,MRK.US,0.7727272727272727,0.7499999999999999,23
2022-11-01 00:00:00+00:00,MRK.US,0.6956521739130435,0.7391304347826088,23
2022-12-01 00:00:00+00:00,MRK.US,0.6086956521739131,0.5978260869565217,23
2023-01-03 00:00:00+00:00,MRK.US,0.5909090909090909,0.6086956521739131,23
2023-02-01 00:00:00+00:00,MRK.US,0.6363636363636364,0.6086956521739131,23
2023-03-01 00:00:00+00:00,MRK.US,0.5217391304347826,0.6413043478260869,23
2023-04-03 00:00:00+00:00,MRK.US,0.6363636363636364,0.6413043478260869,23
2023-05-01 00:00:00+00:00,MRK.US,0.5238095238095238,0.5760869565217391,23
2023-06-01 00:00:00+00:00,MRK.US,0.5,0.4782608695652174,23
2023-07-03 00:00:00+00:00,MRK.US,0.6363636363636364,0.4895833333333333,24
2023-08-01 00:00:00+00:00,MRK.US,0.6521739130434783,0.44791666666666663,24
2023-09-01 00:00:00+00:00,MRK.US,,0.041666666666666664,24
2023-10-02 00:00:00+00:00,MRK.US,,0.041666666666666664,24
2023-11-01 00:00:00+00:00,MRK.US,,0.041666666666666664,24
2023-12-01 00:00:00+00:00,MRK.US,0.782608695652174,0.7291666666666667,24
2024-01-02 00:00:00+00:00,MRK.US,0.7391304347826086,0.7291666666666667,24
2024-02-01 00:00:00+00:00,MRK.US,0.7391304347826086,0.7291666666666667,24
2024-03-01 00:00:00+00:00,MRK.US,,0.07291666666666667,24
2024-04-01 00:00:00+00:00,MRK.US,,0.07291666666666667,24
2024-05-01 00:00:00+00:00,MRK.US,,0.07291666666666667,24
2024-06-03 00:00:00+00:00,MRK.US,0.782608695652174,0.8229166666666666,24
2024-07-01 00:00:00+00:00,MRK.US,0.782608695652174,0.8125,24
2024-08-01 00:00:00+00:00,MRK.US,0.782608695652174,0.8229166666666667,24
2024-09-03 00:00:00+00:00,MRK.US,0.9166666666666666,0.84375,24
2024-10-01 00:00:00+00:00,MRK.US,0.9130434782608695,0.84375,24
2024-11-01 00:00:00+00:00,MRK.US,1.0,0.8333333333333334,24
2024-12-02 00:00:00+00:00,MRK.US,0.782608695652174,0.5625,24
